Text1,Text2,Genre1,Genre2,TrueLabel,Prediction,Mode
"置身迷幻乐园中
喧嚣覆盖了沉重
城市点亮了夜空
焦点消失霓虹中
马戏团不用庄重
表演快乐有恃无恐
你笑了我就成功
不必计较心痛不痛
小丑的梦没有人懂
不奢望你真的感动
厚重的妆隔着寂寞
热闹的城其实落寞
小丑的爱没有人懂
只希望看见你笑容
陌生的脸孔都错过
只剩下你一个
幽默粉饰我惶恐
不安藏匿疯癫中
就笑我痴人说梦
为寻得熟悉瞳孔
马戏团不用庄重
表演快乐有恃无恐
你笑了我就成功
不必计较心痛不痛
小丑的梦没有人懂
不奢望你真的感动
厚重的妆隔着寂寞
热闹的城其实落寞
小丑的爱没有人懂
只希望看见你笑容
陌生的脸孔都错过
只剩下你一个
小丑的梦没有人懂
不奢望你真的感动
厚重的妆隔着寂寞
热闹的城其实落寞
小丑的爱没有人懂
只希望看见你笑容
陌生的脸孔都错过
只剩下你一个做我观众","斑马斑马你不要睡着啦
再给我看看你受伤的尾巴
我不想去触碰你伤口的疤
我只想掀起你的头发
斑马斑马你回到了你的家
可我浪费着我寒冷的年华
你的城市没有一扇门为我打开啊
我终究还要回到路上
斑马斑马你来自南方的红色啊
是否也是个动人的故事啊
你隔壁的戏子如果不能留下
谁会和你睡到天亮
斑马斑马你还记得我吗
我是只会歌唱的傻瓜
斑马斑马你睡吧睡吧
我会背上吉他离开北方
斑马斑马你还记得我吗
我是强说着忧愁的孩子啊
斑马斑马你睡吧睡吧
我把你的青草带回故乡
斑马斑马你不要睡着啦
我只是个匆忙的旅人啊
斑马斑马你睡吧睡吧
我要卖掉我的房子
浪迹天涯 [SYN0]",['社会与现实'],['风景与旅程'],0,1,cross-genre
"在我的怀里
在你的眼里
那里春风沉醉
那里绿草如茵
月光把爱恋
洒满了湖面
两个人的篝火
照亮整个夜晚
多少年以后
如云般游走
那变换的脚步
让我们难牵手
这一生一世
有多少你我
被吞没在月光如水的夜里
多想某一天
往日又重现
我们流连忘返
在贝加尔湖畔
多少年以后
往事随云走
那纷飞的冰雪容不下那温柔
这一生一世
这时间太少
不够证明融化冰雪的深情
就在某一天
你忽然出现
你清澈又神秘
在贝加尔湖畔
你清澈又神秘
像贝加尔湖畔 [SYN0]","南部小城
没有光彩照人
每次我回到这里
我都感觉着平静
阳光炽烈
人们慢悠悠的步子
零落的草帽
我栽的花儿
摇啊摇
摇啊摇
摇啊摇
摇啊摇
我在这里一个人唱这首歌
人们只是微笑
哦微笑
我在这里一个人唱这首歌
你不会知道
哦知道
南部小城
光阴缓流的城
每次我回到这里
你都那么的恬静
赞美夏天
女孩摇曳的裙摆
撩动了昨天
荡着的秋千
摇啊摇
摇啊摇
摇啊摇
摇啊摇
我在这里一个人唱这首歌
人们只是微笑
哦微笑
我在这里一个人唱这首歌
你不会知道
哦知道
我在这里一个人唱这首歌
人们只是微笑
哦微笑
我在这里一个人唱这首歌
你不会知道
哦知道",['风景与旅程'],['风景与旅程'],0,0,per-genre
"睡一觉醒来还好正是早上
对着镜子看看有哪里不一样
穿上我的外套整理好自己
跑出我的家门去追求我理想
大街上走走装模又作样
总觉得每个人都不如自己强
摸一摸口袋心里才明白
买一件东西价格要想一想
看看福利彩票想中一个大奖
天上没有馅饼梦别做那么香
有钱也会烦恼没钱别总彷徨
只要努力工作你也会有辉煌
看看福利彩票想中一个大奖
天上没有馅饼梦别做那么香
有钱也会烦恼没钱别总彷徨
只要努力工作你也会有辉煌
睡一觉醒来还好正是早上
对着镜子看看有哪里不一样
穿上我的外套整理好自己
跑出我的家门去追求我理想
大街上走走装模又作样
总觉得每个人都不如自己强
摸一摸口袋心里才明白
买一件东西价格要想一想
看看福利彩票想中一个大奖
天上没有馅饼梦别做那么香
有钱也会烦恼没钱别总彷徨
只要努力工作你也会有辉煌
看看福利彩票想中一个大奖
天上没有馅饼梦别做那么香
有钱也会烦恼没钱别总彷徨
只要努力工作你也会有辉煌
看看福利彩票想中一个大奖
天上没有馅饼梦别做那么香
有钱也会烦恼没钱别总彷徨
只要努力工作你也会有辉煌
只要努力工作你也会有辉煌","睡一觉醒来还好正是早上
对着镜子看看有哪里不一样
穿上我的外套整理好自己
跑出我的家门去追求我理想
大街上走走装模又作样
总觉得每个人都不如自己强
摸一摸口袋心里才明白
买一件东西价格要想一想
看看福利彩票想中一个大奖
天上没有馅饼梦别做那么香
有钱也会烦恼没钱别总彷徨
只要努力工作你也会有辉煌
看看福利彩票想中一个大奖
天上没有馅饼梦别做那么香
有钱也会烦恼没钱别总彷徨
只要努力工作你也会有辉煌
睡一觉醒来还好正是早上
对着镜子看看有哪里不一样
穿上我的外套整理好自己
跑出我的家门去追求我理想
大街上走走装模又作样
总觉得每个人都不如自己强
摸一摸口袋心里才明白
买一件东西价格要想一想
看看福利彩票想中一个大奖
天上没有馅饼梦别做那么香
有钱也会烦恼没钱别总彷徨
只要努力工作你也会有辉煌
看看福利彩票想中一个大奖
天上没有馅饼梦别做那么香
有钱也会烦恼没钱别总彷徨
只要努力工作你也会有辉煌
看看福利彩票想中一个大奖
天上没有馅饼梦别做那么香
有钱也会烦恼没钱别总彷徨
只要努力工作你也会有辉煌
只要努力工作你也会有辉煌 [SYN0]",['社会与现实'],['社会与现实'],1,1,per-genre
"等天崩地裂的那一瞬间
待坍塌破碎了睁开双眼
无处安放灵魂 只能降落
若灵魂相结在天地之间
看山盟海誓引一场惊觉
没有你的世界 我无力承受
拔情诀爱的最后
指尖缠绕的温柔
化作一把锋利剑
刺向了我
诀爱
模糊光阴距离
连时间都暂停
全都只是因为你
确定
你是心中唯一
说再见来不及
开不了口的惋惜
来不及
若灵魂相结在天地之间
看山盟海誓引一场惊觉
没有你的世界 我无力承受
拔情诀爱的最后
指尖缠绕的温柔
化作一把锋利剑
刺向了我
诀爱
模糊光阴距离
连时间都暂停
全都只是因为你
确定
你是心中唯一
说再见来不及
开不了口的惋惜
来不及
Woah
来不及
Woah
诀别的爱 [SYN0]","天已黑了
太阳在休息
遥远的夜空 看见闪亮的星
幻想着你我的天空 自由自在的飞翔
陪我歌唱 坐在弯弯的月亮
秋天过了
寒冬快来了
看见梅花枝叶
散落在眼前
星光闪耀的夜 却触不到你的脸
独自眷恋
我已再不能停息
雪花红梅飘 在空中
你的关怀 总让我感到心动
想起你的温柔 心情像花一样红
其实我也害怕寒雪的刺痛
雪花红梅飘 夜冰冻
烛光点燃 让我幻想着美梦
北风吹呀吹 慢慢流下了眼泪
只能思念 让爱随着风飘荡
不再回
秋天过了
寒冬快来了
看见梅花枝叶
散落在眼前
星光闪耀的夜 却触不到你的脸
独自眷恋
我已再不能停息
雪花红梅飘 在空中
你的关怀 总让我感到心动
想起你的温柔 心情像花一样红
其实我也害怕寒雪的刺痛
雪花红梅飘 夜冰冻
烛光点燃 让我幻想着美梦
北风吹呀吹 慢慢流下了眼泪
只能思念 让爱随着风飘荡
不再回 [SYN0]",['爱与浪漫'],['爱与浪漫'],0,0,per-genre
"逆着光 树荫在闪烁
仿佛 摇曳过年少执着
那个远方 正是脚下的此刻
收拾好行囊 眼神却沉默
宽心的 话别多说
分开走 沿途依然陡峭曲折
别闪躲 就当再一次修炼你我
偏执的选择 内心依旧炙热
冒着骤雨风暴继续颠簸
无惧打破平凡人生规则
只为了 只为了收获独一无二的我
跌跌撞撞冲进下个日落
才更奢望闪耀的烟火
相信的美梦 依然高高悬挂着
汇成星河
宽心的 话别多说
分开走 沿途依然陡峭曲折
别闪躲 就当再一次修炼你我
偏执的选择 内心依旧炙热
冒着骤雨风暴继续颠簸
无惧打破平凡人生规则
只为了 只为了收获独一无二的我
跌跌撞撞冲进下个日落
才更奢望闪耀的烟火
相信的美梦 依然高高悬挂着
冒着骤雨风暴继续颠簸
无惧打破平凡人生规则
只为了 只为了收获独一无二的我
跌跌撞撞冲进下个日落
才更奢望闪耀的烟火
相信的美梦 依然高高悬挂着
汇成星河 [SYN0]","当我和世界不一样，那就让我不一样。
坚持对我来说，就是以刚克刚。
我如果对自己妥协，如果对自己说谎。
即使别人原谅，我也不能原谅。
最美的愿望一定最疯狂，我就是我自己的神。
在我活的地方，我和我最后的倔强。
握紧双手绝对不放，下一站是不是天堂。
就算失望不能绝望，我和我骄傲的倔强。
我在风中大声地唱，这一次为自己疯狂。
就这一次，我和我的倔强。
对爱我的人别紧张，我的固执很善良。
我的手越肮脏，眼神越是发光。
你不在乎我的过往，看到了我的翅膀。
你说被火烧过才能出现凤凰
逆风的方向，更适合飞翔。
我不怕千万人阻挡，只怕自己投降。
我和我最后的倔强，握紧双手绝对不放。
下一站是不是天堂，就算失望不能绝望。
我和我骄傲的倔强，我在风中大声地唱。
这一次为自己疯狂，就这一次我和我的倔强。
我和我最后的倔强，握紧双手绝对不放。
下一站是不是天堂，就算失望不能绝望。
我和我骄傲的倔强，我在风中大声地唱。
这一次为自己疯狂，就这一次我和我的倔强。
就这一次，让我大声唱。
啦啦啦啦啦啦啦啦
啦啦啦啦啦啦啦啦
啦啦啦啦啦啦啦啦
就算失望，不能绝望。
啦啦啦啦啦啦啦啦
啦啦啦啦啦啦啦啦
啦啦啦啦啦啦啦啦
就这一次，我和我的倔强。 [SYN0]",['生活与反思'],['生活与反思'],0,1,per-genre
"三年前我许下承诺
夺下帝王的宝座
三年后我是对是错
心灵封印我魂魄
三年前我布下棋局
以为天下无人敌
三年后的这盘棋
让我痴让我迷离
是我背负的太多
还是我不够洒脱
是我经历太多风波
还是贪恋做大哥
你们看我大杀四方
以为我能灭沧桑
可这五年的时光
让我忧让我悲伤
我曾万人中称王
也曾孤傲的猖狂
我曾写下的辉煌
也许注定是凄凉
一次一次的努力
换来心却想放弃
叫我怎么再继续
这所谓的情和义
一次一次的感动
换来心却很疼痛
叫我怎么再珍重
这破碎的另类梦
也许这是我的信仰
也许这是我的梦想
也许老天要我成长
所以拼命去阻挡
你可质疑我声音
阻挡不了我的心
我用我的命去拼
还我逝去的光阴
从晚辈说到大哥
经历无数的风波
当我离开这山坡
最后写下离别歌
曾经的我风口浪尖
创下无数的诗篇
如今再次点狼烟
再次叫板骂苍天
骂就骂晚辈无知
笑就笑你们太痴
冲破牢笼的雄师
斩天斩地斩情丝
斩小人
斩逆徒
斩尽天下太孤独
当年脚踏山河图
如今再次写狠毒
写我当年是刀客
写我霸王的本色
写我当年颠峰时刻
也有三分的气魄
气魄不是谁都有
美人在我怀中搂
何为另类无敌手
何为江山永不朽
看那江山起狼烟
看我小弟万万千
看我挥刀再斩群仙
看我威名霸苍天 [SYN1]","远山青黛闻犬吠
花房歌声又抵达
藕花深处风吹起
桃园如诗又如画
一弯新月醉琵琶
一盏灯火山乡梦
夕阳召唤晚归鸟
白鹭飞出古人家
山如画水如画
一叶轻舟戏晚霞
荷叶肥荷花美
一瓣凝露向天涯
山如画水如画
蓑衣斗笠映晚霞
九曲十弯笑声荡
炊烟熏黄彼岸花
一弯新月醉琵琶
一盏灯火山乡梦
夕阳召唤晚归鸟
白鹭飞出古人家
山如画水如画
一叶轻舟戏晚霞
荷叶肥荷花美
一瓣凝露向天涯
山如画水如画
蓑衣斗笠映晚霞
九曲十弯笑声荡
炊烟熏黄彼岸花
熏黄彼岸花 [SYN1]",['社会与现实'],['风景与旅程'],0,0,cross-genre
"星星当空
打把鸡枞
鸡枞满满
架笔管管
笔管漏漏
咋个说哟
架呀嘛绿豆豆
绿豆香香
架新姜姜
新姜辣辣
架宝塔塔
宝塔高高
扭着腰腰
我的宝宝
快睡觉
宝塔高高
扭着腰腰
我的宝宝
快睡觉
星星当空
打把鸡枞
鸡枞满满
架笔管管
笔管漏漏
咋个说哟
架呀嘛绿豆豆
绿豆香香
架新姜姜
新姜辣辣
架宝塔塔
宝塔高高
扭着腰腰
我的宝宝
快睡觉
宝塔高高
扭着腰腰
我的宝宝
快睡觉
我的宝宝
快睡觉","听落雨掉进寂静的森林
看夕阳之下远山的风景
屋檐的水滴悄悄地氤氲
嵌入了眼睛
世界像一座安静的岛屿
鱼肚白升起悄然无声息
等海鸟轻轻声唤起涟漪
等一缕阳光透过这湖面
照进我心里
等有风的时候把帆扬起
云朵的倒影
月色的缺盈
漫天的繁星
迷失的脚步
也慢慢被抚平
四季的光影
我看见划破长夜的流星
风吹起的时候
万里无云
鱼肚白升起悄然无声息
等海鸟轻轻声唤起涟漪
等一缕阳光透过这湖面
照进我心里
等有风的时候把帆扬起
云朵的倒影
月色的缺盈
漫天的繁星
迷失的脚步
也慢慢被抚平
四季的光影
我看见划破长夜的流星
风吹起的时候
万里无云
云朵的倒影
月色的缺盈
漫天的繁星
迷失的脚步
也慢慢被抚平
四季的光影
我看见划破长夜的流星
风吹起的时候
万里无云
去有风的地方 遇见你",['民俗与传统'],['风景与旅程'],1,0,cross-genre
"远处蔚蓝天空下
涌动着金色的麦浪
就在那里曾是你和我
爱过的地方
当微风带着收获的味道
吹向我脸庞
想起你轻柔的话语
曾打湿我眼眶
嗯...啦...嗯...啦...
我们曾在田野里歌唱
在冬季盼望
却没能等到阳光下
这秋天的景象
就让失散的誓言飞舞吧
随西风飘荡
就像你柔软的长发
曾芬芳我梦乡
嗯...啦...嗯...啦...
远处蔚蓝天空下
涌动着金色的麦浪
就在那里曾是你和我
爱过的地方
当微风带着收获的味道
吹向我脸庞
想起你轻柔的话语
曾打湿我眼眶
嗯...啦...嗯...啦...
我们曾在田野里歌唱
在冬季盼望
却没能等到阳光下
这秋天的景象
就让失散的誓言飞舞吧
随西风飘荡
就像你柔软的长发
曾芬芳我梦乡
嗯...啦...嗯...啦...","当木剑跟水枪指着我
当天我还在笑
因为你未捉到我
但这天换了真大炮
那同伴不肯言和
为何人人大了
无人来提示我想玩什么
当天只有六岁
因此你共我
爱共谁游玩
不必想太多
看现在他不跟我玩了
我太闷还是波子不够多
我看着大风吹你在哪里
困于这变大身躯里
得我在风中一个面对
第四十个天真的一岁
继续大风吹讯号失去
那些公园里的嬉戏伴侣
逐个回去一一离队
此际我世界尚有谁
有亦太无趣
好若有公仔书分着看
不好看围着看
都是快乐的境况
若有位犯了规
大众也情愿一起留堂
人人完全自发
连酬劳和代价都不用讲
今天几个朋友
差点对着干
要令谁难受
口中不会讲
你玩具车假使有十架
会发现同伴关心可以装
我看着大风吹你在哪里
困于这变大身躯里
得我在风中一个面对
第四十个天真的一岁
继续大风吹讯号失去
那些公园里的嬉戏伴侣
逐个回去一一离队
此际我世界尚有谁
有亦太无趣
我看着大风吹你在哪里
困于这变大身躯里
得我在风中一个面对
第四十个天真的一岁
继续大风吹讯号失去
那些公园里的嬉戏伴侣
逐个回去一一离队
此际我世界尚有谁
有亦太无趣
大风吹讯号失去
那些公园里的嬉戏伴侣
逐个回去一一离队
此际我世界尚有谁
有亦太无趣",['生活与反思'],['社会与现实'],0,0,cross-genre
"新疆是个好地方
人都说 新疆是个好地方
地肥水美 令人神往
能歌善舞的新疆人哟
每天的笑脸都神采飞扬
阿尔泰山泛着金光
沙漠驼铃把快乐摇晃
热瓦甫将奋发昂扬哟
哈密瓜甜到咱心坎儿上
啊
新疆是个好地方
好呀么好地方
人都说 边疆处处赛江南
风吹草低 遍地牛羊
一望无际的大草原哟
每天的奶香都四处飘荡
塔里木盆乌金闪亮
赛里木湖让幸福流淌
雪莲花使激情绽放哟
亚克西说到咱心坎儿上
啊
边疆处处赛江南
赛呀么赛江南 [SYN0]","在我的怀里
在你的眼里
那里春风沉醉
那里绿草如茵
月光把爱恋
洒满了湖面
两个人的篝火
照亮整个夜晚
多少年以后
如云般游走
那变换的脚步
让我们难牵手
这一生一世
有多少你我
被吞没在月光如水的夜里
多想某一天
往日又重现
我们流连忘返
在贝加尔湖畔
多少年以后
往事随云走
那纷飞的冰雪容不下那温柔
这一生一世
这时间太少
不够证明融化冰雪的深情
就在某一天
你忽然出现
你清澈又神秘
在贝加尔湖畔
你清澈又神秘
像贝加尔湖畔 [SYN1]",['风景与旅程'],['风景与旅程'],0,0,per-genre
"能够握紧的就别放了
能够拥抱的就别拉扯
时间着急的冲刷着
剩下了什么
原谅走过的那些曲折
原来留下的都是真的
纵然似梦啊 半醒着
笑着哭着都快活 谁让
时间是让人猝不及防的东西
晴时有风阴有时雨
争不过朝夕又念着往昔
偷走了青丝却留住一个你
岁月是一场有去无回的旅行
好的坏的都是风景
别怪我贪心只是不愿醒
因为你只为你愿和我一起
看云淡风轻
能够握紧的就别放了
能够拥抱的就别拉扯
时间着急的冲刷着
剩下了什么
原谅走过的那些曲折
原来留下的都是真的
纵然似梦啊 半醒着
笑着哭着都快活 谁让
时间是让人猝不及防的东西
晴时有风阴有时雨
争不过朝夕又念着往昔
偷走了青丝却留住一个你
岁月是一场有去无回的旅行
好的坏的都是风景
别怪我贪心只是不愿醒
因为你只为你愿和我一起
看云淡风轻
时间是让人猝不及防的东西
晴时有风阴有时雨
争不过朝夕又念着往昔
偷走了青丝却留住一个你
岁月是一场有去无回的旅行
好的坏的都是风景
别怪我贪心只是不愿醒
因为你只为你愿和我一起
看云淡风轻","置身迷幻乐园中
喧嚣覆盖了沉重
城市点亮了夜空
焦点消失霓虹中
马戏团不用庄重
表演快乐有恃无恐
你笑了我就成功
不必计较心痛不痛
小丑的梦没有人懂
不奢望你真的感动
厚重的妆隔着寂寞
热闹的城其实落寞
小丑的爱没有人懂
只希望看见你笑容
陌生的脸孔都错过
只剩下你一个
幽默粉饰我惶恐
不安藏匿疯癫中
就笑我痴人说梦
为寻得熟悉瞳孔
马戏团不用庄重
表演快乐有恃无恐
你笑了我就成功
不必计较心痛不痛
小丑的梦没有人懂
不奢望你真的感动
厚重的妆隔着寂寞
热闹的城其实落寞
小丑的爱没有人懂
只希望看见你笑容
陌生的脸孔都错过
只剩下你一个
小丑的梦没有人懂
不奢望你真的感动
厚重的妆隔着寂寞
热闹的城其实落寞
小丑的爱没有人懂
只希望看见你笑容
陌生的脸孔都错过
只剩下你一个做我观众 [SYN0]",['生活与反思'],['社会与现实'],1,0,cross-genre
"风云多诡意 危崖开满花
凡心铜镜之下 几度轮回真假
迷途断肠无人能答
路荒芜竟落晚霞
往日笑声 竟回荡于 檐下
我不肯魂魄已灭 羽化成沙
浮沉悲欢都笑纳
我撕去 满身光华
揭开命运 开出天地的造化
绽放出无暇
当执梦少年 并肩天涯 开出云霞
我隐尘心 迎无畏 心头几道疤
任他万般魔障 齐发 我痛快饮下
纵使我心 如霜 对你藏牵挂
也曾凭栏自话
我不肯魂魄已灭 羽化成沙
浮沉悲欢都笑纳
撕去 满身光华
揭开命运 开出天地的造化
绽放出无暇
当执梦少年 并肩天涯 开出云霞
我隐尘心 迎无畏 心头几道疤
任他万般魔障 齐发 我痛快饮下
纵使我心 如霜 对你藏牵挂
也曾凭栏自话
我隐尘心 迎无畏
我心头几道疤
任他万般魔障 齐发 我痛快饮下
纵使我心 如霜 对你藏牵挂
也曾凭栏自话
我驭风尘 为苍生 等待破茧而发
任他尘世如影 幻化
我又何曾惧怕
纵使结局 崩塌 我挽你怀下
任荆棘刺身甲
泪渗透你脸颊","等一个自然而然的晴天
我想要带你去海边
去留住这个瞬间在来不及挽回之前
其实不需要深刻的语言
趁现在还有一点时间
就当是最后一次
再一次和我去冒险
不经意划过发尾的指尖
还有冰镇汽水的甜
猜不到你给谁写
带着海风的明信片
哦可不可以再专心一点
请你不要心不在焉
黄昏夕阳还有愿望没实现
能不能和你竭尽全力奔跑
向着海平线
余晖消逝之前都不算终点
曾经的关于以后所有的幻想已经太遥远
被我们丢在身后的时间
不经意划过发尾的指尖
还有冰镇汽水的甜
猜不到你给谁写
带着海风的明信片
哦可不可以再专心一点
请你不要心不在焉
可我却舍不得去挽留你躲闪的双眼
能不能和你竭尽全力奔跑
向着海平线
余晖消逝之前都不算终点
曾经的关于以后所有的幻想已经太遥远
被我们丢在身后的时间
怎么再见
能不能和你竭尽全力奔跑
向着海平线
余晖消逝之前都不算终点
曾经的关于以后所有的幻想已经太遥远
可记忆中的 你想要我 怎么说再见
能不能和你竭尽全力奔跑
向着海平线
余晖消逝之前都不算终点
那是我一直想要只带你去的海边
让我们互相折磨的时间
怎么再见
等一个自然而然的晴天
我想要带你去海边",['爱与浪漫'],['爱与浪漫'],0,0,per-genre
"暮色破晓初现 策马正少年
天地轮换之间 苍穹映双眼 眉间
跨越深渊淬炼 却依然未变
昂首悠然人间 春风正娇艳
开始力挽狂澜的信念
赴上一场璀璨的冒险
携手眺望天地间 俯瞰这片天
光芒多耀眼 梦 燃烧在胸前
风刮过侧脸 雨打湿双肩
不管千难万险 心中有一寸烈焰
每个尘涟瞬间 岁月刻容颜
一怒不为明天 只为友情多执念
穿过云海之巅 惹风残云卷
遥望亿万光年 寻前世挂念
收藏危难之后的笑脸
无人阻挡我们的誓言
携手眺望天地间 俯瞰这片天
光芒多耀眼 梦 燃烧在胸前
风刮过侧脸 雨打湿双肩
不管千难万险 心中有一寸烈焰
也许风云遮掩
少年依然冒险
顶天立地蜕变
眺望天地间 俯瞰这片天
光芒多耀眼 梦 燃烧在胸前
风刮过侧脸 雨打湿双肩
不管千难万险 心中有一寸烈焰 [SYN0]","逆着光 树荫在闪烁
仿佛 摇曳过年少执着
那个远方 正是脚下的此刻
收拾好行囊 眼神却沉默
宽心的 话别多说
分开走 沿途依然陡峭曲折
别闪躲 就当再一次修炼你我
偏执的选择 内心依旧炙热
冒着骤雨风暴继续颠簸
无惧打破平凡人生规则
只为了 只为了收获独一无二的我
跌跌撞撞冲进下个日落
才更奢望闪耀的烟火
相信的美梦 依然高高悬挂着
汇成星河
宽心的 话别多说
分开走 沿途依然陡峭曲折
别闪躲 就当再一次修炼你我
偏执的选择 内心依旧炙热
冒着骤雨风暴继续颠簸
无惧打破平凡人生规则
只为了 只为了收获独一无二的我
跌跌撞撞冲进下个日落
才更奢望闪耀的烟火
相信的美梦 依然高高悬挂着
冒着骤雨风暴继续颠簸
无惧打破平凡人生规则
只为了 只为了收获独一无二的我
跌跌撞撞冲进下个日落
才更奢望闪耀的烟火
相信的美梦 依然高高悬挂着
汇成星河 [SYN1]",['民俗与传统'],['生活与反思'],1,1,cross-genre
"暮色破晓初现 策马正少年
天地轮换之间 苍穹映双眼 眉间
跨越深渊淬炼 却依然未变
昂首悠然人间 春风正娇艳
开始力挽狂澜的信念
赴上一场璀璨的冒险
携手眺望天地间 俯瞰这片天
光芒多耀眼 梦 燃烧在胸前
风刮过侧脸 雨打湿双肩
不管千难万险 心中有一寸烈焰
每个尘涟瞬间 岁月刻容颜
一怒不为明天 只为友情多执念
穿过云海之巅 惹风残云卷
遥望亿万光年 寻前世挂念
收藏危难之后的笑脸
无人阻挡我们的誓言
携手眺望天地间 俯瞰这片天
光芒多耀眼 梦 燃烧在胸前
风刮过侧脸 雨打湿双肩
不管千难万险 心中有一寸烈焰
也许风云遮掩
少年依然冒险
顶天立地蜕变
眺望天地间 俯瞰这片天
光芒多耀眼 梦 燃烧在胸前
风刮过侧脸 雨打湿双肩
不管千难万险 心中有一寸烈焰 [SYN0]","总是向往 趋近理想
越是渴望 越笨拙模样
你的凌乱 我的慌张
它都看着的吧
却不声张
有人停 有人一如既往流浪
生活是房
日子是窗
远方在眼光里也可以深长
吹开吧 吹开你我脸上忧伤
心更空旷
才能有光
想要的故事就发生在身旁
每扇窗
喔
人啊
喔
善忘
总是向往 趋近理想
越是渴望 越笨拙模样
你的凌乱 我的慌张
它都看着的吧
却不声张
有人停 有人一如既往流浪
生活是房
日子是窗
远方在眼光里也可以深长
吹开吧 吹开你我脸上忧伤
心更空旷
才能有光
想要的故事就发生在身旁
每扇窗
喔
人啊
喔
善忘
喔
人啊
喔
善忘",['民俗与传统'],['生活与反思'],0,0,cross-genre
"兴高采烈的破蛹
华丽新生的冲动
寻找灿烂天地 美梦
主宰爱情的是谁
奋不顾身的扑火
就算轮回只为 衬托
你笑 你哭 你的动作
都是我的圣经 珍惜的背颂
我喜 我悲 我的生活
为你放弃自由 要为你左右
你是火 你是风
你是织网的恶魔
破碎的燕尾蝶
还做最后的美梦
你是火 你是风
你是天使的诱惑
让我做燕尾蝶
拥抱最后的美梦
让我短暂快乐 很感动
兴高采烈的破蛹
重获新生的冲动
寻找爱情世界 美梦
既然不是毛毛虫
就要壮烈的扑火
短暂青春要像 烟火
此生 此爱 此刻挥霍
挥霍我的色彩 在你的天空
你想 你说 你要我做
其实我很快乐 全都因为
你是火 你是风
你是织网的恶魔
破碎的燕尾蝶
还做最后的美梦
你是火 你是风
你是天使的诱惑
让我做燕尾蝶
拥抱最后的美梦
让我短暂快乐 很感动
你是火 你是风
你是织网的恶魔
破碎的燕尾蝶
还做最后的美梦
你是火 你是风
你是天使的诱惑
让我做燕尾蝶
拥抱最后的美梦
让我快乐 让我痛
你是火 你是风
你是织网的恶魔
破碎的燕尾蝶
还做最后的美梦
你是火 你是风
你是天使的诱惑
让我做燕尾蝶
拥抱最后的美梦
让我短暂快乐 很感动
让我短暂快乐 很感动","嘿 如果听到这旋律
和你倾诉一段光阴
也许你也会共鸣
嘿 有个男孩的曾经
小小的手和老钢琴
故事展开了美丽
那男孩爬上了琴椅
黑键白键映满眼睛
耶
试探着敲奏出旋律
敲开了命运的觉醒
喔
当别的孩子在疯电玩模型
男孩却反复着艰涩德布西
半音程 全音程 历程多艰辛
伤痕变成指环胎记
白键是众人的赞叹
黑键是暗地的努力
祈祷奇迹
其实不如无尽的练习
嘿 如果听到这旋律
和你倾诉一段光阴
也许你也会共鸣
耶
嘿 有个男孩的曾经
小小的手和老钢琴
故事展开了美丽
并不是所有道理都
黑键白键般的分明
耶
所幸在音乐世界里
呜
闯出了自己的天地
喔
那一年那一首江南的旋律
男孩才经历了柳暗和花明
平均律学不会命运的定律
幸运莫若找到知音
黑键是不断的挑战
白键是肯定的金曲
交织交响
叫我感激每一刻经历
嘿 如果能让这旋律
陪你经历人生风雨
是我最大的幸运
耶
嘿 那个男孩的如今
和你交织多么紧密
像黑键白键相依
耶
嘿 听着这首歌的你
曾经相信英雄的你
还在等待谁降临
耶
嘿 答案一直都是你
带着黑键般的叛逆
改变世界和自己
嘿 答案一直都是你
带着黑键般的叛逆
改变世界和自己",['爱与浪漫'],['生活与反思'],1,1,cross-genre
"远处蔚蓝天空下
涌动着金色的麦浪
就在那里曾是你和我
爱过的地方
当微风带着收获的味道
吹向我脸庞
想起你轻柔的话语
曾打湿我眼眶
嗯...啦...嗯...啦...
我们曾在田野里歌唱
在冬季盼望
却没能等到阳光下
这秋天的景象
就让失散的誓言飞舞吧
随西风飘荡
就像你柔软的长发
曾芬芳我梦乡
嗯...啦...嗯...啦...
远处蔚蓝天空下
涌动着金色的麦浪
就在那里曾是你和我
爱过的地方
当微风带着收获的味道
吹向我脸庞
想起你轻柔的话语
曾打湿我眼眶
嗯...啦...嗯...啦...
我们曾在田野里歌唱
在冬季盼望
却没能等到阳光下
这秋天的景象
就让失散的誓言飞舞吧
随西风飘荡
就像你柔软的长发
曾芬芳我梦乡
嗯...啦...嗯...啦... [SYN1]","在我的怀里
在你的眼里
那里春风沉醉
那里绿草如茵
月光把爱恋
洒满了湖面
两个人的篝火
照亮整个夜晚
多少年以后
如云般游走
那变换的脚步
让我们难牵手
这一生一世
有多少你我
被吞没在月光如水的夜里
多想某一天
往日又重现
我们流连忘返
在贝加尔湖畔
多少年以后
往事随云走
那纷飞的冰雪容不下那温柔
这一生一世
这时间太少
不够证明融化冰雪的深情
就在某一天
你忽然出现
你清澈又神秘
在贝加尔湖畔
你清澈又神秘
像贝加尔湖畔 [SYN1]",['生活与反思'],['风景与旅程'],1,0,cross-genre
"兴高采烈的破蛹
华丽新生的冲动
寻找灿烂天地 美梦
主宰爱情的是谁
奋不顾身的扑火
就算轮回只为 衬托
你笑 你哭 你的动作
都是我的圣经 珍惜的背颂
我喜 我悲 我的生活
为你放弃自由 要为你左右
你是火 你是风
你是织网的恶魔
破碎的燕尾蝶
还做最后的美梦
你是火 你是风
你是天使的诱惑
让我做燕尾蝶
拥抱最后的美梦
让我短暂快乐 很感动
兴高采烈的破蛹
重获新生的冲动
寻找爱情世界 美梦
既然不是毛毛虫
就要壮烈的扑火
短暂青春要像 烟火
此生 此爱 此刻挥霍
挥霍我的色彩 在你的天空
你想 你说 你要我做
其实我很快乐 全都因为
你是火 你是风
你是织网的恶魔
破碎的燕尾蝶
还做最后的美梦
你是火 你是风
你是天使的诱惑
让我做燕尾蝶
拥抱最后的美梦
让我短暂快乐 很感动
你是火 你是风
你是织网的恶魔
破碎的燕尾蝶
还做最后的美梦
你是火 你是风
你是天使的诱惑
让我做燕尾蝶
拥抱最后的美梦
让我快乐 让我痛
你是火 你是风
你是织网的恶魔
破碎的燕尾蝶
还做最后的美梦
你是火 你是风
你是天使的诱惑
让我做燕尾蝶
拥抱最后的美梦
让我短暂快乐 很感动
让我短暂快乐 很感动 [SYN0]","黑暗里谁还不睡
黑色的心情和斗篷假面
黑夜的黑不是最黑
而在於贪婪找不到底线
脚下是卑微的街
我孤独站在城市天际线
别问我恶类或善类
我只是渴望飞的哺乳类
善恶的分界 不是对立面
而是每个人 那最后纯洁的防线
都逃不过考验
有没有一种考验 有没有一次淬炼
拯救了世界就像 英雄 电影 情节
有没有一种信念 有没有一句誓言
呼唤黎明的出现 yeah yeah yeah yeah
呼唤黎明的出现 yeah yeah yeah yeah
呼唤黎明的出现
为什么抓光了贼
多年来更没目击过抢匪
而贫穷还是像潮水
淹没了人们生存的尊严
文明最颠峰某天
人们和蝙蝠却住回洞穴
那罪行再也看不见
都躲在法律和交易后面
善恶的分界 不怕难分辨
只怕每个人 都关上双耳和双眼
都害怕去改变
有没有一种改变 有没有一次壮烈
结局的完美就像 英雄 电影 情节
有没有一种信念 有没有一句誓言
呼唤黎明的出现 yeah yeah yeah yeah
呼唤黎明的出现 yeah yeah yeah yeah
呼唤黎明的出现
呼唤黎明的出现
越来越毒的雨水 越来越多的灾变
越来越远的从前 英雄 电影 情节
律师和小丑勾结 民代和财团签约
善良和罪恶妥协
越来越大的企业 越来越小的公园
越来越深的幻灭 英雄 电影 情节
面具下的人是谁 或者说不管是谁
都无法全身而退 yeah yeah yeah yeah
都无法全身而退 yeah yeah yeah yeah
都无法全身而退
当我们都走上街当我们怀抱信念
当我们亲身扮演 英雄 电影 情节
你就是一种信念 你就是一句誓言
世界正等你出现 yeah yeah yeah yeah
世界正等你出现 yeah yeah yeah yeah
Oh yeah yeah [SYN1]",['爱与浪漫'],['社会与现实'],1,0,cross-genre
"看昨天的我们 走远了
在命运广场中央 等待
那模糊的 肩膀
越奔跑 越渺小
曾经 并肩往前的 伙伴
在举杯 祝福后都 走散
只是那个 夜晚
我深深 的都留藏在心坎
长大以后 我只能奔跑
我多害怕 黑暗中跌倒
明天你好 含着泪微笑
越美好 越害怕得到
每一次哭
又笑着 奔跑
一边失去 一边在寻找
明天你好 声音多渺小
却提醒我
勇敢是什么
当我朝着反方向走去
在楼梯的角落 找勇气
抖着肩膀 哭泣
问自己 在哪里
曾经 并肩往前 的伙伴
沉默着 懂得我的委屈
时间它总说谎
我从 不曾失去 那些肩膀
长大以后
我只能奔跑
我多害怕 黑暗中跌倒
明天你好 含着泪微笑
越美好 越害怕得到
每一次哭
又笑着奔跑
一边失去 一边在寻找
明天你好 声音多渺小
却提醒我
勇敢是什么","南部小城
没有光彩照人
每次我回到这里
我都感觉着平静
阳光炽烈
人们慢悠悠的步子
零落的草帽
我栽的花儿
摇啊摇
摇啊摇
摇啊摇
摇啊摇
我在这里一个人唱这首歌
人们只是微笑
哦微笑
我在这里一个人唱这首歌
你不会知道
哦知道
南部小城
光阴缓流的城
每次我回到这里
你都那么的恬静
赞美夏天
女孩摇曳的裙摆
撩动了昨天
荡着的秋千
摇啊摇
摇啊摇
摇啊摇
摇啊摇
我在这里一个人唱这首歌
人们只是微笑
哦微笑
我在这里一个人唱这首歌
你不会知道
哦知道
我在这里一个人唱这首歌
人们只是微笑
哦微笑
我在这里一个人唱这首歌
你不会知道
哦知道 [SYN0]",['生活与反思'],['风景与旅程'],0,0,cross-genre
"谁轻轻呼唤
在天上 在云端
让我日夜想象
在梦里回到你身旁
彩云之南 我心的方向
孔雀飞去 回忆悠长
玉龙雪山 闪耀着银光
秀色丽江 人在路上
彩云之南 归去的地方
往事芬芳 随风飘扬
蝴蝶泉边 歌声在流淌
泸沽湖畔 心仍荡漾
谁轻轻呼唤
在天上 在云端
让我日夜想象
在梦里回到你身旁
彩云之南 我心的方向
孔雀飞去 回忆悠长
玉龙雪山 闪耀着银光
秀色丽江 人在路上
彩云之南 归去的地方
往事芬芳 随风飘扬
蝴蝶泉边 歌声在流淌
泸沽湖畔 心仍荡漾
记得那时那里的天多湛蓝
你的眼里闪着温柔的阳光
这世界变幻无常
如今你又在何方
原谅我无法陪你走那么长
别人的天堂不是我们的远方
不虚此行别遗憾
彩云之南 归去的地方
往事芬芳 随风飘扬
蝴蝶泉边 歌声在流淌
泸沽湖畔 心仍荡漾","谁轻轻呼唤
在天上 在云端
让我日夜想象
在梦里回到你身旁
彩云之南 我心的方向
孔雀飞去 回忆悠长
玉龙雪山 闪耀着银光
秀色丽江 人在路上
彩云之南 归去的地方
往事芬芳 随风飘扬
蝴蝶泉边 歌声在流淌
泸沽湖畔 心仍荡漾
谁轻轻呼唤
在天上 在云端
让我日夜想象
在梦里回到你身旁
彩云之南 我心的方向
孔雀飞去 回忆悠长
玉龙雪山 闪耀着银光
秀色丽江 人在路上
彩云之南 归去的地方
往事芬芳 随风飘扬
蝴蝶泉边 歌声在流淌
泸沽湖畔 心仍荡漾
记得那时那里的天多湛蓝
你的眼里闪着温柔的阳光
这世界变幻无常
如今你又在何方
原谅我无法陪你走那么长
别人的天堂不是我们的远方
不虚此行别遗憾
彩云之南 归去的地方
往事芬芳 随风飘扬
蝴蝶泉边 歌声在流淌
泸沽湖畔 心仍荡漾 [SYN0]",['风景与旅程'],['风景与旅程'],1,1,per-genre
"逆着光 树荫在闪烁
仿佛 摇曳过年少执着
那个远方 正是脚下的此刻
收拾好行囊 眼神却沉默
宽心的 话别多说
分开走 沿途依然陡峭曲折
别闪躲 就当再一次修炼你我
偏执的选择 内心依旧炙热
冒着骤雨风暴继续颠簸
无惧打破平凡人生规则
只为了 只为了收获独一无二的我
跌跌撞撞冲进下个日落
才更奢望闪耀的烟火
相信的美梦 依然高高悬挂着
汇成星河
宽心的 话别多说
分开走 沿途依然陡峭曲折
别闪躲 就当再一次修炼你我
偏执的选择 内心依旧炙热
冒着骤雨风暴继续颠簸
无惧打破平凡人生规则
只为了 只为了收获独一无二的我
跌跌撞撞冲进下个日落
才更奢望闪耀的烟火
相信的美梦 依然高高悬挂着
冒着骤雨风暴继续颠簸
无惧打破平凡人生规则
只为了 只为了收获独一无二的我
跌跌撞撞冲进下个日落
才更奢望闪耀的烟火
相信的美梦 依然高高悬挂着
汇成星河 [SYN0]","当我和世界不一样，那就让我不一样。
坚持对我来说，就是以刚克刚。
我如果对自己妥协，如果对自己说谎。
即使别人原谅，我也不能原谅。
最美的愿望一定最疯狂，我就是我自己的神。
在我活的地方，我和我最后的倔强。
握紧双手绝对不放，下一站是不是天堂。
就算失望不能绝望，我和我骄傲的倔强。
我在风中大声地唱，这一次为自己疯狂。
就这一次，我和我的倔强。
对爱我的人别紧张，我的固执很善良。
我的手越肮脏，眼神越是发光。
你不在乎我的过往，看到了我的翅膀。
你说被火烧过才能出现凤凰
逆风的方向，更适合飞翔。
我不怕千万人阻挡，只怕自己投降。
我和我最后的倔强，握紧双手绝对不放。
下一站是不是天堂，就算失望不能绝望。
我和我骄傲的倔强，我在风中大声地唱。
这一次为自己疯狂，就这一次我和我的倔强。
我和我最后的倔强，握紧双手绝对不放。
下一站是不是天堂，就算失望不能绝望。
我和我骄傲的倔强，我在风中大声地唱。
这一次为自己疯狂，就这一次我和我的倔强。
就这一次，让我大声唱。
啦啦啦啦啦啦啦啦
啦啦啦啦啦啦啦啦
啦啦啦啦啦啦啦啦
就算失望，不能绝望。
啦啦啦啦啦啦啦啦
啦啦啦啦啦啦啦啦
啦啦啦啦啦啦啦啦
就这一次，我和我的倔强。",['生活与反思'],['生活与反思'],0,0,per-genre
"风走了 只留下一条街的叶落
你走了 只留下我双眼的红
逼着自己早点睡
能不能再做一个有你的美梦
我好像一束极光
守在遥远的世界尽头
看过了你的眼眸
才知道孤独很难忍受
可笑吗
我删访问记录的时候有多慌张
他会看见吗 曾经只有我能看的模样
从夜深人静 一直难过到天亮
你反正不会再担心
我隐隐作疼的心脏
好像遇到我 你才对自由向往
怎么为他 失去一切也无妨
可能是我贱吧
不爱我的非要上
那么硬的南墙非要撞
是不是内心希望
头破血流就会让你想起
最爱我的时光
Baby 我们的感情好像跳楼机
让我突然地升空又急速落地
你带给我一场疯狂
劫后余生好难呼吸
那天的天气难得放晴
你说的话却把我困在雨季
其实你不是不爱了吧
只是有些摩擦没处理
怎么你闭口不语
是不是我正好
说中你的心
就承认还是在意吧
就骗骗我也可以
可笑吗
你的出现是我不能规避的伤
怎么能接受这荒唐
可能是我贱吧
不爱我的非要上
那么硬的南墙非要撞
是不是内心希望
头破血流就会让你想起
最爱我的时光
Baby 我们的感情好像跳楼机
让我突然地升空又急速落地
你带给我一场疯狂
劫后余生好难呼吸
那天的天气难得放晴
你说的话却把我困在雨季
其实你不是不爱了吧
只是有些摩擦没处理
怎么你闭口不语
是不是我正好
说中你的心
就承认还是在意吧
哪怕骗骗我也可以 [SYN0]","传说中的一个湖
胜过人间无数
人间无数
秀水绕青山
青山映绿湖
山连山哟水涟水
山水之间渔家住
渔家住
湖底的城堡
千年的迷雾
千座翠岛倾碧水
千岛碧水似珍珠
夕阳冉江红
轻舟似画图
悠悠历史成千古
西子三千入水库
魅力家乡千岛湖
胜过人间无数
人间无数
森林大氧吧
溪群汇瀑布
山连山哟水涟水
山水之间渔家住
渔家住
湖底的城堡
千年的迷雾
千座翠岛倾碧水
千岛碧水似珍珠
夕阳冉江红
轻舟似画图
千岛风光美无限
流连忘返看不够
流连忘返看
看不够 [SYN1]",['爱与浪漫'],['风景与旅程'],0,0,cross-genre
"雨落也无声
风过也无痕
悲伤不敢声明
怕扰乱气氛
热闹环境声
快乐有剧本
才惊觉自己
有表演天分
礼貌地笑着
衣冠齐楚着
准时清醒着
约定俗成的规则
就算跌进深邃的黑暗里
就算坠入无边的梦魇里
就算世界
顷刻间分崩离析
就算微笑背后是叹息
直到我
迷惘而仓促的被你捡起
狼狈而慌乱的被你抱紧
直到眼睛
捕捉到光的缝隙
直到你
让死而复生的心
还可以惊天动地
热闹环境声
快乐有剧本
才惊觉自己
有表演天分
礼貌地笑着
衣冠齐楚着
准时清醒着
约定俗成的规则
就算跌进深邃的黑暗里
就算坠入无边的梦魇里
就算世界
顷刻间分崩离析
就算微笑背后是叹息
直到我
迷惘而仓促的被你捡起
狼狈而慌乱的被你抱紧
直到眼睛
捕捉到光的缝隙
直到你
让死而复生的心
就算跌进深邃的黑暗里
就算坠入无边的梦魇里
就算世界
顷刻间分崩离析
就算微笑背后是叹息
直到你
穿过人来人去的光影里
趟过无处安放的回忆里
直到神经
痛觉都被你占领
直到我
波澜不惊的生命
还可以惊天动地 [SYN0]","我是宇宙间的尘埃
漂泊在这茫茫人海
偶然掉入谁的胸怀
多想从此不再离开
我是宇宙间的尘埃
微不足道的一种状态
偶然成了谁的最爱
多想相信永恒存在
是什么 让我遇见这样的你
是什么 让我不再怀疑自己
是什么 让我不再害怕失去
在这茫茫人海里 我不要变得透明
我是宇宙间的尘埃
漂泊在这茫茫人海
若你是我必然的存在
多想从此不再离开
是什么 让我遇见这样的你
是什么 让我不再怀疑自己
是什么 让我不再害怕失去
在这茫茫人海里 我不要变得透明
若时间注定要让你离开
我又该怎么学会不依赖
是什么 让我遇见这样的你
是什么 让我不再怀疑自己
是什么 让我不再害怕失去
在这茫茫人海里 我不要变得透明 [SYN1]",['生活与反思'],['生活与反思'],0,0,per-genre
"星星当空
打把鸡枞
鸡枞满满
架笔管管
笔管漏漏
咋个说哟
架呀嘛绿豆豆
绿豆香香
架新姜姜
新姜辣辣
架宝塔塔
宝塔高高
扭着腰腰
我的宝宝
快睡觉
宝塔高高
扭着腰腰
我的宝宝
快睡觉
星星当空
打把鸡枞
鸡枞满满
架笔管管
笔管漏漏
咋个说哟
架呀嘛绿豆豆
绿豆香香
架新姜姜
新姜辣辣
架宝塔塔
宝塔高高
扭着腰腰
我的宝宝
快睡觉
宝塔高高
扭着腰腰
我的宝宝
快睡觉
我的宝宝
快睡觉 [SYN0]","听落雨掉进寂静的森林
看夕阳之下远山的风景
屋檐的水滴悄悄地氤氲
嵌入了眼睛
世界像一座安静的岛屿
鱼肚白升起悄然无声息
等海鸟轻轻声唤起涟漪
等一缕阳光透过这湖面
照进我心里
等有风的时候把帆扬起
云朵的倒影
月色的缺盈
漫天的繁星
迷失的脚步
也慢慢被抚平
四季的光影
我看见划破长夜的流星
风吹起的时候
万里无云
鱼肚白升起悄然无声息
等海鸟轻轻声唤起涟漪
等一缕阳光透过这湖面
照进我心里
等有风的时候把帆扬起
云朵的倒影
月色的缺盈
漫天的繁星
迷失的脚步
也慢慢被抚平
四季的光影
我看见划破长夜的流星
风吹起的时候
万里无云
云朵的倒影
月色的缺盈
漫天的繁星
迷失的脚步
也慢慢被抚平
四季的光影
我看见划破长夜的流星
风吹起的时候
万里无云
去有风的地方 遇见你",['民俗与传统'],['风景与旅程'],1,0,cross-genre
"暮色破晓初现 策马正少年
天地轮换之间 苍穹映双眼 眉间
跨越深渊淬炼 却依然未变
昂首悠然人间 春风正娇艳
开始力挽狂澜的信念
赴上一场璀璨的冒险
携手眺望天地间 俯瞰这片天
光芒多耀眼 梦 燃烧在胸前
风刮过侧脸 雨打湿双肩
不管千难万险 心中有一寸烈焰
每个尘涟瞬间 岁月刻容颜
一怒不为明天 只为友情多执念
穿过云海之巅 惹风残云卷
遥望亿万光年 寻前世挂念
收藏危难之后的笑脸
无人阻挡我们的誓言
携手眺望天地间 俯瞰这片天
光芒多耀眼 梦 燃烧在胸前
风刮过侧脸 雨打湿双肩
不管千难万险 心中有一寸烈焰
也许风云遮掩
少年依然冒险
顶天立地蜕变
眺望天地间 俯瞰这片天
光芒多耀眼 梦 燃烧在胸前
风刮过侧脸 雨打湿双肩
不管千难万险 心中有一寸烈焰","暮色破晓初现 策马正少年
天地轮换之间 苍穹映双眼 眉间
跨越深渊淬炼 却依然未变
昂首悠然人间 春风正娇艳
开始力挽狂澜的信念
赴上一场璀璨的冒险
携手眺望天地间 俯瞰这片天
光芒多耀眼 梦 燃烧在胸前
风刮过侧脸 雨打湿双肩
不管千难万险 心中有一寸烈焰
每个尘涟瞬间 岁月刻容颜
一怒不为明天 只为友情多执念
穿过云海之巅 惹风残云卷
遥望亿万光年 寻前世挂念
收藏危难之后的笑脸
无人阻挡我们的誓言
携手眺望天地间 俯瞰这片天
光芒多耀眼 梦 燃烧在胸前
风刮过侧脸 雨打湿双肩
不管千难万险 心中有一寸烈焰
也许风云遮掩
少年依然冒险
顶天立地蜕变
眺望天地间 俯瞰这片天
光芒多耀眼 梦 燃烧在胸前
风刮过侧脸 雨打湿双肩
不管千难万险 心中有一寸烈焰 [SYN0]",['民俗与传统'],['民俗与传统'],1,1,per-genre
"星星当空
打把鸡枞
鸡枞满满
架笔管管
笔管漏漏
咋个说哟
架呀嘛绿豆豆
绿豆香香
架新姜姜
新姜辣辣
架宝塔塔
宝塔高高
扭着腰腰
我的宝宝
快睡觉
宝塔高高
扭着腰腰
我的宝宝
快睡觉
星星当空
打把鸡枞
鸡枞满满
架笔管管
笔管漏漏
咋个说哟
架呀嘛绿豆豆
绿豆香香
架新姜姜
新姜辣辣
架宝塔塔
宝塔高高
扭着腰腰
我的宝宝
快睡觉
宝塔高高
扭着腰腰
我的宝宝
快睡觉
我的宝宝
快睡觉 [SYN1]","听落雨掉进寂静的森林
看夕阳之下远山的风景
屋檐的水滴悄悄地氤氲
嵌入了眼睛
世界像一座安静的岛屿
鱼肚白升起悄然无声息
等海鸟轻轻声唤起涟漪
等一缕阳光透过这湖面
照进我心里
等有风的时候把帆扬起
云朵的倒影
月色的缺盈
漫天的繁星
迷失的脚步
也慢慢被抚平
四季的光影
我看见划破长夜的流星
风吹起的时候
万里无云
鱼肚白升起悄然无声息
等海鸟轻轻声唤起涟漪
等一缕阳光透过这湖面
照进我心里
等有风的时候把帆扬起
云朵的倒影
月色的缺盈
漫天的繁星
迷失的脚步
也慢慢被抚平
四季的光影
我看见划破长夜的流星
风吹起的时候
万里无云
云朵的倒影
月色的缺盈
漫天的繁星
迷失的脚步
也慢慢被抚平
四季的光影
我看见划破长夜的流星
风吹起的时候
万里无云
去有风的地方 遇见你 [SYN1]",['民俗与传统'],['风景与旅程'],1,0,cross-genre
"能够握紧的就别放了
能够拥抱的就别拉扯
时间着急的冲刷着
剩下了什么
原谅走过的那些曲折
原来留下的都是真的
纵然似梦啊 半醒着
笑着哭着都快活 谁让
时间是让人猝不及防的东西
晴时有风阴有时雨
争不过朝夕又念着往昔
偷走了青丝却留住一个你
岁月是一场有去无回的旅行
好的坏的都是风景
别怪我贪心只是不愿醒
因为你只为你愿和我一起
看云淡风轻
能够握紧的就别放了
能够拥抱的就别拉扯
时间着急的冲刷着
剩下了什么
原谅走过的那些曲折
原来留下的都是真的
纵然似梦啊 半醒着
笑着哭着都快活 谁让
时间是让人猝不及防的东西
晴时有风阴有时雨
争不过朝夕又念着往昔
偷走了青丝却留住一个你
岁月是一场有去无回的旅行
好的坏的都是风景
别怪我贪心只是不愿醒
因为你只为你愿和我一起
看云淡风轻
时间是让人猝不及防的东西
晴时有风阴有时雨
争不过朝夕又念着往昔
偷走了青丝却留住一个你
岁月是一场有去无回的旅行
好的坏的都是风景
别怪我贪心只是不愿醒
因为你只为你愿和我一起
看云淡风轻 [SYN0]","置身迷幻乐园中
喧嚣覆盖了沉重
城市点亮了夜空
焦点消失霓虹中
马戏团不用庄重
表演快乐有恃无恐
你笑了我就成功
不必计较心痛不痛
小丑的梦没有人懂
不奢望你真的感动
厚重的妆隔着寂寞
热闹的城其实落寞
小丑的爱没有人懂
只希望看见你笑容
陌生的脸孔都错过
只剩下你一个
幽默粉饰我惶恐
不安藏匿疯癫中
就笑我痴人说梦
为寻得熟悉瞳孔
马戏团不用庄重
表演快乐有恃无恐
你笑了我就成功
不必计较心痛不痛
小丑的梦没有人懂
不奢望你真的感动
厚重的妆隔着寂寞
热闹的城其实落寞
小丑的爱没有人懂
只希望看见你笑容
陌生的脸孔都错过
只剩下你一个
小丑的梦没有人懂
不奢望你真的感动
厚重的妆隔着寂寞
热闹的城其实落寞
小丑的爱没有人懂
只希望看见你笑容
陌生的脸孔都错过
只剩下你一个做我观众 [SYN0]",['生活与反思'],['社会与现实'],1,1,cross-genre
"远处蔚蓝天空下
涌动着金色的麦浪
就在那里曾是你和我
爱过的地方
当微风带着收获的味道
吹向我脸庞
想起你轻柔的话语
曾打湿我眼眶
嗯...啦...嗯...啦...
我们曾在田野里歌唱
在冬季盼望
却没能等到阳光下
这秋天的景象
就让失散的誓言飞舞吧
随西风飘荡
就像你柔软的长发
曾芬芳我梦乡
嗯...啦...嗯...啦...
远处蔚蓝天空下
涌动着金色的麦浪
就在那里曾是你和我
爱过的地方
当微风带着收获的味道
吹向我脸庞
想起你轻柔的话语
曾打湿我眼眶
嗯...啦...嗯...啦...
我们曾在田野里歌唱
在冬季盼望
却没能等到阳光下
这秋天的景象
就让失散的誓言飞舞吧
随西风飘荡
就像你柔软的长发
曾芬芳我梦乡
嗯...啦...嗯...啦...","远处蔚蓝天空下
涌动着金色的麦浪
就在那里曾是你和我
爱过的地方
当微风带着收获的味道
吹向我脸庞
想起你轻柔的话语
曾打湿我眼眶
嗯...啦...嗯...啦...
我们曾在田野里歌唱
在冬季盼望
却没能等到阳光下
这秋天的景象
就让失散的誓言飞舞吧
随西风飘荡
就像你柔软的长发
曾芬芳我梦乡
嗯...啦...嗯...啦...
远处蔚蓝天空下
涌动着金色的麦浪
就在那里曾是你和我
爱过的地方
当微风带着收获的味道
吹向我脸庞
想起你轻柔的话语
曾打湿我眼眶
嗯...啦...嗯...啦...
我们曾在田野里歌唱
在冬季盼望
却没能等到阳光下
这秋天的景象
就让失散的誓言飞舞吧
随西风飘荡
就像你柔软的长发
曾芬芳我梦乡
嗯...啦...嗯...啦... [SYN0]",['生活与反思'],['生活与反思'],1,1,per-genre
"能够握紧的就别放了
能够拥抱的就别拉扯
时间着急的冲刷着
剩下了什么
原谅走过的那些曲折
原来留下的都是真的
纵然似梦啊 半醒着
笑着哭着都快活 谁让
时间是让人猝不及防的东西
晴时有风阴有时雨
争不过朝夕又念着往昔
偷走了青丝却留住一个你
岁月是一场有去无回的旅行
好的坏的都是风景
别怪我贪心只是不愿醒
因为你只为你愿和我一起
看云淡风轻
能够握紧的就别放了
能够拥抱的就别拉扯
时间着急的冲刷着
剩下了什么
原谅走过的那些曲折
原来留下的都是真的
纵然似梦啊 半醒着
笑着哭着都快活 谁让
时间是让人猝不及防的东西
晴时有风阴有时雨
争不过朝夕又念着往昔
偷走了青丝却留住一个你
岁月是一场有去无回的旅行
好的坏的都是风景
别怪我贪心只是不愿醒
因为你只为你愿和我一起
看云淡风轻
时间是让人猝不及防的东西
晴时有风阴有时雨
争不过朝夕又念着往昔
偷走了青丝却留住一个你
岁月是一场有去无回的旅行
好的坏的都是风景
别怪我贪心只是不愿醒
因为你只为你愿和我一起
看云淡风轻","雨落也无声
风过也无痕
悲伤不敢声明
怕扰乱气氛
热闹环境声
快乐有剧本
才惊觉自己
有表演天分
礼貌地笑着
衣冠齐楚着
准时清醒着
约定俗成的规则
就算跌进深邃的黑暗里
就算坠入无边的梦魇里
就算世界
顷刻间分崩离析
就算微笑背后是叹息
直到我
迷惘而仓促的被你捡起
狼狈而慌乱的被你抱紧
直到眼睛
捕捉到光的缝隙
直到你
让死而复生的心
还可以惊天动地
热闹环境声
快乐有剧本
才惊觉自己
有表演天分
礼貌地笑着
衣冠齐楚着
准时清醒着
约定俗成的规则
就算跌进深邃的黑暗里
就算坠入无边的梦魇里
就算世界
顷刻间分崩离析
就算微笑背后是叹息
直到我
迷惘而仓促的被你捡起
狼狈而慌乱的被你抱紧
直到眼睛
捕捉到光的缝隙
直到你
让死而复生的心
就算跌进深邃的黑暗里
就算坠入无边的梦魇里
就算世界
顷刻间分崩离析
就算微笑背后是叹息
直到你
穿过人来人去的光影里
趟过无处安放的回忆里
直到神经
痛觉都被你占领
直到我
波澜不惊的生命
还可以惊天动地",['生活与反思'],['生活与反思'],1,0,per-genre
"总是向往 趋近理想
越是渴望 越笨拙模样
你的凌乱 我的慌张
它都看着的吧
却不声张
有人停 有人一如既往流浪
生活是房
日子是窗
远方在眼光里也可以深长
吹开吧 吹开你我脸上忧伤
心更空旷
才能有光
想要的故事就发生在身旁
每扇窗
喔
人啊
喔
善忘
总是向往 趋近理想
越是渴望 越笨拙模样
你的凌乱 我的慌张
它都看着的吧
却不声张
有人停 有人一如既往流浪
生活是房
日子是窗
远方在眼光里也可以深长
吹开吧 吹开你我脸上忧伤
心更空旷
才能有光
想要的故事就发生在身旁
每扇窗
喔
人啊
喔
善忘
喔
人啊
喔
善忘","今天我 寒夜里看雪飘过
怀着冷却了的心窝漂远方
风雨里追赶 雾里分不清影踪
天空海阔你与我
可会变  谁没在变
多少次 迎着冷眼与嘲笑
从没有放弃过心中的理想
一刹那恍惚 若有所失的感觉
不知不觉已变淡
心里爱  谁明白我
原谅我这一生不羁放纵爱自由
也会怕有一天会跌倒
背弃了理想 谁人都可以
哪会怕有一天只你共我
今天我 寒夜里看雪飘过
怀着冷却了的心窝漂远方
风雨里追赶 雾里分不清影踪
天空海阔你与我
可会变  谁没在变
原谅我这一生不羁放纵爱自由
也会怕有一天会跌倒
背弃了理想 谁人都可以
哪会怕有一天只你共我
仍然自由自我 永远高唱我歌
走遍千里
原谅我这一生不羁放纵爱自由
也会怕有一天会跌倒
背弃了理想 谁人都可以
哪会怕有一天只你共我
背弃了理想 谁人都可以
哪会怕有一天只你共我
原谅我这一生不羁放纵爱自由
也会怕有一天会跌倒
背弃了理想 谁人都可以
哪会怕有一天只你共我",['生活与反思'],['生活与反思'],0,1,per-genre
"在雨后的晨曦 中苏醒
将所有的心情 都清零
也曾漫无目的 地寻觅
Wu wu
会有一份幸运 的坚定
会在某个时季 再相遇
不被平凡定义 的勇气
Wu wu
听 风吹过的声音
在 浩瀚的天际
像 我深爱着的你
像 温柔和氧气
治愈又透明
风吹过的声音
听 回忆轻又清
我 依偎在你怀里
安然睡去
做 一个美梦给你
在 云雨后的晨曦
会有一份幸运 的坚定
会在某个时季 再相遇
不被平凡定义 的勇气
Wu wu
听 风吹过的声音
在 浩瀚的天际
像 我深爱着的你
像 温柔和氧气
治愈又透明
风吹过的声音
听 回忆轻又清
我 依偎在你怀里
安然睡去
做 一个美梦给你
在 云雨后的晨曦 [SYN0]","能够握紧的就别放了
能够拥抱的就别拉扯
时间着急的冲刷着
剩下了什么
原谅走过的那些曲折
原来留下的都是真的
纵然似梦啊 半醒着
笑着哭着都快活 谁让
时间是让人猝不及防的东西
晴时有风阴有时雨
争不过朝夕又念着往昔
偷走了青丝却留住一个你
岁月是一场有去无回的旅行
好的坏的都是风景
别怪我贪心只是不愿醒
因为你只为你愿和我一起
看云淡风轻
能够握紧的就别放了
能够拥抱的就别拉扯
时间着急的冲刷着
剩下了什么
原谅走过的那些曲折
原来留下的都是真的
纵然似梦啊 半醒着
笑着哭着都快活 谁让
时间是让人猝不及防的东西
晴时有风阴有时雨
争不过朝夕又念着往昔
偷走了青丝却留住一个你
岁月是一场有去无回的旅行
好的坏的都是风景
别怪我贪心只是不愿醒
因为你只为你愿和我一起
看云淡风轻
时间是让人猝不及防的东西
晴时有风阴有时雨
争不过朝夕又念着往昔
偷走了青丝却留住一个你
岁月是一场有去无回的旅行
好的坏的都是风景
别怪我贪心只是不愿醒
因为你只为你愿和我一起
看云淡风轻",['爱与浪漫'],['生活与反思'],0,1,cross-genre
"兴高采烈的破蛹
华丽新生的冲动
寻找灿烂天地 美梦
主宰爱情的是谁
奋不顾身的扑火
就算轮回只为 衬托
你笑 你哭 你的动作
都是我的圣经 珍惜的背颂
我喜 我悲 我的生活
为你放弃自由 要为你左右
你是火 你是风
你是织网的恶魔
破碎的燕尾蝶
还做最后的美梦
你是火 你是风
你是天使的诱惑
让我做燕尾蝶
拥抱最后的美梦
让我短暂快乐 很感动
兴高采烈的破蛹
重获新生的冲动
寻找爱情世界 美梦
既然不是毛毛虫
就要壮烈的扑火
短暂青春要像 烟火
此生 此爱 此刻挥霍
挥霍我的色彩 在你的天空
你想 你说 你要我做
其实我很快乐 全都因为
你是火 你是风
你是织网的恶魔
破碎的燕尾蝶
还做最后的美梦
你是火 你是风
你是天使的诱惑
让我做燕尾蝶
拥抱最后的美梦
让我短暂快乐 很感动
你是火 你是风
你是织网的恶魔
破碎的燕尾蝶
还做最后的美梦
你是火 你是风
你是天使的诱惑
让我做燕尾蝶
拥抱最后的美梦
让我快乐 让我痛
你是火 你是风
你是织网的恶魔
破碎的燕尾蝶
还做最后的美梦
你是火 你是风
你是天使的诱惑
让我做燕尾蝶
拥抱最后的美梦
让我短暂快乐 很感动
让我短暂快乐 很感动 [SYN0]","黑暗里谁还不睡
黑色的心情和斗篷假面
黑夜的黑不是最黑
而在於贪婪找不到底线
脚下是卑微的街
我孤独站在城市天际线
别问我恶类或善类
我只是渴望飞的哺乳类
善恶的分界 不是对立面
而是每个人 那最后纯洁的防线
都逃不过考验
有没有一种考验 有没有一次淬炼
拯救了世界就像 英雄 电影 情节
有没有一种信念 有没有一句誓言
呼唤黎明的出现 yeah yeah yeah yeah
呼唤黎明的出现 yeah yeah yeah yeah
呼唤黎明的出现
为什么抓光了贼
多年来更没目击过抢匪
而贫穷还是像潮水
淹没了人们生存的尊严
文明最颠峰某天
人们和蝙蝠却住回洞穴
那罪行再也看不见
都躲在法律和交易后面
善恶的分界 不怕难分辨
只怕每个人 都关上双耳和双眼
都害怕去改变
有没有一种改变 有没有一次壮烈
结局的完美就像 英雄 电影 情节
有没有一种信念 有没有一句誓言
呼唤黎明的出现 yeah yeah yeah yeah
呼唤黎明的出现 yeah yeah yeah yeah
呼唤黎明的出现
呼唤黎明的出现
越来越毒的雨水 越来越多的灾变
越来越远的从前 英雄 电影 情节
律师和小丑勾结 民代和财团签约
善良和罪恶妥协
越来越大的企业 越来越小的公园
越来越深的幻灭 英雄 电影 情节
面具下的人是谁 或者说不管是谁
都无法全身而退 yeah yeah yeah yeah
都无法全身而退 yeah yeah yeah yeah
都无法全身而退
当我们都走上街当我们怀抱信念
当我们亲身扮演 英雄 电影 情节
你就是一种信念 你就是一句誓言
世界正等你出现 yeah yeah yeah yeah
世界正等你出现 yeah yeah yeah yeah
Oh yeah yeah [SYN0]",['爱与浪漫'],['社会与现实'],1,0,cross-genre
"姑娘啊姑娘啊
听我说几句话
可不可以留给我
你QQ的号码
如果你是大恐龙
我也是小青蛙
谁都不要嫌弃谁
做个朋友吧
做个朋友吧
做个朋友吧
亲爱的来吧来吧来吧来吧来吧来吧
亲爱的来吧来吧来吧来吧来吧来吧
亲爱的来吧来吧来吧来吧来吧来吧
亲爱的来吧来吧来吧来吧来吧来吧
跟我说说
说心里话
别再让我受折磨了
姑娘啊姑娘啊
跟着我来吧
弹弹琴跳跳舞
我送你回家
自从那天见到你
我的心放不下
别着急扔掉我
送你的玫瑰花
送你的玫瑰花
送你的玫瑰花
亲爱的来吧来吧来吧来吧来吧来吧
亲爱的来吧来吧来吧来吧来吧来吧
亲爱的来吧来吧来吧来吧来吧来吧
亲爱的来吧来吧来吧来吧来吧来吧
跟我说说
说心里话
别再让我受折磨了
亲爱的来吧来吧来吧来吧来吧来吧
亲爱的来吧来吧来吧来吧来吧来吧
亲爱的来吧来吧来吧来吧来吧来吧
亲爱的来吧来吧来吧来吧来吧来吧
亲爱的来吧来吧来吧来吧来吧来吧
亲爱的来吧来吧来吧来吧来吧来吧
亲爱的来吧来吧来吧来吧来吧来吧
亲爱的来吧来吧来吧来吧来吧来吧
跟我说说
说心里话","情浓至深 韶华倾负一生
如叶为衬 看繁花开满城
寒夜冷 驱不散你眼中的温存
眉间似有爱意丛生
洒脱一身 心敢动就敢认
无谓答案 可否给我满分
追随你 朝暮为伴星月为证
只怕 过此岸 就黄昏
任长路迢迢 松柏不倒情不老
有输的骄傲 才大方索要
任凄风潇潇 爱能熬过天荒地老
痴人笑 远飞鸟 已归巢
洒脱一身 心敢动就敢认
无谓答案 可否给我满分
追随你 朝暮为伴星月为证
只怕 过此岸 就黄昏
任长路迢迢 松柏不倒情不老
有输的骄傲 才大方索要
任凄风潇潇 爱能熬过天荒地老
痴人笑 远飞鸟 已归巢
若长路迢迢 生似蜉蝣知多少
藏你入怀抱 眼泪才敢掉
任烟云渺渺 笑说前尘我般逍遥
留心跳 旧日里 闹喧嚣
情浓至深 韶华倾负一生
如叶为衬 看繁花开满城
寒夜冷 驱不散你眼中的温存
眉间似有爱意丛生 [SYN1]",['爱与浪漫'],['爱与浪漫'],0,0,per-genre
"风云多诡意 危崖开满花
凡心铜镜之下 几度轮回真假
迷途断肠无人能答
路荒芜竟落晚霞
往日笑声 竟回荡于 檐下
我不肯魂魄已灭 羽化成沙
浮沉悲欢都笑纳
我撕去 满身光华
揭开命运 开出天地的造化
绽放出无暇
当执梦少年 并肩天涯 开出云霞
我隐尘心 迎无畏 心头几道疤
任他万般魔障 齐发 我痛快饮下
纵使我心 如霜 对你藏牵挂
也曾凭栏自话
我不肯魂魄已灭 羽化成沙
浮沉悲欢都笑纳
撕去 满身光华
揭开命运 开出天地的造化
绽放出无暇
当执梦少年 并肩天涯 开出云霞
我隐尘心 迎无畏 心头几道疤
任他万般魔障 齐发 我痛快饮下
纵使我心 如霜 对你藏牵挂
也曾凭栏自话
我隐尘心 迎无畏
我心头几道疤
任他万般魔障 齐发 我痛快饮下
纵使我心 如霜 对你藏牵挂
也曾凭栏自话
我驭风尘 为苍生 等待破茧而发
任他尘世如影 幻化
我又何曾惧怕
纵使结局 崩塌 我挽你怀下
任荆棘刺身甲
泪渗透你脸颊","等一个自然而然的晴天
我想要带你去海边
去留住这个瞬间在来不及挽回之前
其实不需要深刻的语言
趁现在还有一点时间
就当是最后一次
再一次和我去冒险
不经意划过发尾的指尖
还有冰镇汽水的甜
猜不到你给谁写
带着海风的明信片
哦可不可以再专心一点
请你不要心不在焉
黄昏夕阳还有愿望没实现
能不能和你竭尽全力奔跑
向着海平线
余晖消逝之前都不算终点
曾经的关于以后所有的幻想已经太遥远
被我们丢在身后的时间
不经意划过发尾的指尖
还有冰镇汽水的甜
猜不到你给谁写
带着海风的明信片
哦可不可以再专心一点
请你不要心不在焉
可我却舍不得去挽留你躲闪的双眼
能不能和你竭尽全力奔跑
向着海平线
余晖消逝之前都不算终点
曾经的关于以后所有的幻想已经太遥远
被我们丢在身后的时间
怎么再见
能不能和你竭尽全力奔跑
向着海平线
余晖消逝之前都不算终点
曾经的关于以后所有的幻想已经太遥远
可记忆中的 你想要我 怎么说再见
能不能和你竭尽全力奔跑
向着海平线
余晖消逝之前都不算终点
那是我一直想要只带你去的海边
让我们互相折磨的时间
怎么再见
等一个自然而然的晴天
我想要带你去海边 [SYN0]",['爱与浪漫'],['爱与浪漫'],0,0,per-genre
"置身迷幻乐园中
喧嚣覆盖了沉重
城市点亮了夜空
焦点消失霓虹中
马戏团不用庄重
表演快乐有恃无恐
你笑了我就成功
不必计较心痛不痛
小丑的梦没有人懂
不奢望你真的感动
厚重的妆隔着寂寞
热闹的城其实落寞
小丑的爱没有人懂
只希望看见你笑容
陌生的脸孔都错过
只剩下你一个
幽默粉饰我惶恐
不安藏匿疯癫中
就笑我痴人说梦
为寻得熟悉瞳孔
马戏团不用庄重
表演快乐有恃无恐
你笑了我就成功
不必计较心痛不痛
小丑的梦没有人懂
不奢望你真的感动
厚重的妆隔着寂寞
热闹的城其实落寞
小丑的爱没有人懂
只希望看见你笑容
陌生的脸孔都错过
只剩下你一个
小丑的梦没有人懂
不奢望你真的感动
厚重的妆隔着寂寞
热闹的城其实落寞
小丑的爱没有人懂
只希望看见你笑容
陌生的脸孔都错过
只剩下你一个做我观众","置身迷幻乐园中
喧嚣覆盖了沉重
城市点亮了夜空
焦点消失霓虹中
马戏团不用庄重
表演快乐有恃无恐
你笑了我就成功
不必计较心痛不痛
小丑的梦没有人懂
不奢望你真的感动
厚重的妆隔着寂寞
热闹的城其实落寞
小丑的爱没有人懂
只希望看见你笑容
陌生的脸孔都错过
只剩下你一个
幽默粉饰我惶恐
不安藏匿疯癫中
就笑我痴人说梦
为寻得熟悉瞳孔
马戏团不用庄重
表演快乐有恃无恐
你笑了我就成功
不必计较心痛不痛
小丑的梦没有人懂
不奢望你真的感动
厚重的妆隔着寂寞
热闹的城其实落寞
小丑的爱没有人懂
只希望看见你笑容
陌生的脸孔都错过
只剩下你一个
小丑的梦没有人懂
不奢望你真的感动
厚重的妆隔着寂寞
热闹的城其实落寞
小丑的爱没有人懂
只希望看见你笑容
陌生的脸孔都错过
只剩下你一个做我观众 [SYN0]",['社会与现实'],['社会与现实'],1,1,per-genre
"我不介意你慢动作
也不介意这次先擦肩而过
吃一人份的饭 刷一人份的碗
真的我并没有觉得孤单
逛一人份的街 买一人份的单
真的我并没有觉得孤单
我相信你正在与我相遇的路上马不停蹄
所以当我拥抱整个世界的孤寂
也像拥抱着你
我不介意你慢动作
也不介意这次先擦肩而过
某天我们总会遇到对方然后说
原来 是你噢
我不介意你慢动作
也不介意这次先擦肩而过
某天你会发现灯火阑珊处的我
等了你 好久噢
吃一人份的饭 刷一人份的碗
真的我并没有觉得孤单
逛一人份的街 买一人份的单
真的我并没有觉得孤单
我相信你正在与我相遇的路上马不停蹄
所以当我拥抱整个世界的孤寂
也像拥抱着你
我不介意你慢动作
也不介意这次先擦肩而过
某天我们总会遇到对方然后说
原来 是你噢
我不介意你慢动作
也不介意这次先擦肩而过
某天你会发现灯火阑珊处的我
等了你 好久噢
正在与我相遇的路上马不停蹄
就算这次先擦肩而过
所以当我拥抱整个世界的孤寂
也像拥抱着你
我不介意你慢动作
也不介意这次先擦肩而过
某天我们总会遇到对方然后说
好巧噢
你总会等到姗姗来迟的我
我总会等到姗姗来迟的你
我总会等到姗姗来迟的你
你总会等到姗姗来迟的我 [SYN0]","雨落也无声
风过也无痕
悲伤不敢声明
怕扰乱气氛
热闹环境声
快乐有剧本
才惊觉自己
有表演天分
礼貌地笑着
衣冠齐楚着
准时清醒着
约定俗成的规则
就算跌进深邃的黑暗里
就算坠入无边的梦魇里
就算世界
顷刻间分崩离析
就算微笑背后是叹息
直到我
迷惘而仓促的被你捡起
狼狈而慌乱的被你抱紧
直到眼睛
捕捉到光的缝隙
直到你
让死而复生的心
还可以惊天动地
热闹环境声
快乐有剧本
才惊觉自己
有表演天分
礼貌地笑着
衣冠齐楚着
准时清醒着
约定俗成的规则
就算跌进深邃的黑暗里
就算坠入无边的梦魇里
就算世界
顷刻间分崩离析
就算微笑背后是叹息
直到我
迷惘而仓促的被你捡起
狼狈而慌乱的被你抱紧
直到眼睛
捕捉到光的缝隙
直到你
让死而复生的心
就算跌进深邃的黑暗里
就算坠入无边的梦魇里
就算世界
顷刻间分崩离析
就算微笑背后是叹息
直到你
穿过人来人去的光影里
趟过无处安放的回忆里
直到神经
痛觉都被你占领
直到我
波澜不惊的生命
还可以惊天动地 [SYN0]",['爱与浪漫'],['生活与反思'],0,0,cross-genre
"当 这个世界在飘零
你 将沉睡的我唤醒
睁开 双眼 却还是看不清
黑暗光明
当 这宿命在交替
征战 万年太久争朝夕
无畏 世间 纷飞惨烈
绝不退却
璀璨 星斗对决黑夜
蓝草 缠绕不败热血
跨越 撕裂羽翼的深渊
不停歇 轰轰烈烈
汹涌 瀚海肆意狂野
昊天 指引一往无前
守护 你的命运 在红色梦境
等待黎明
当 这宿命在交替
征战 万年太久争朝夕
无畏 世间 纷飞惨烈
绝不退却
璀璨 星斗对决黑夜
蓝草 缠绕不败热血
跨越 撕裂羽翼的深渊
不停歇 轰轰烈烈
汹涌 瀚海肆意狂野
昊天 指引一往无前
守护 你的命运 在红色梦境
等待黎明
倘若 世间梦幻泡影
随风 追寻你的身影
穿越漫长时光到过去
重回到 那天相遇
此生 相思永不凋零
此爱 相伴永不分离
十万年的光景
沿途都是你 刻骨铭心 [SYN0]","当我和世界不一样，那就让我不一样。
坚持对我来说，就是以刚克刚。
我如果对自己妥协，如果对自己说谎。
即使别人原谅，我也不能原谅。
最美的愿望一定最疯狂，我就是我自己的神。
在我活的地方，我和我最后的倔强。
握紧双手绝对不放，下一站是不是天堂。
就算失望不能绝望，我和我骄傲的倔强。
我在风中大声地唱，这一次为自己疯狂。
就这一次，我和我的倔强。
对爱我的人别紧张，我的固执很善良。
我的手越肮脏，眼神越是发光。
你不在乎我的过往，看到了我的翅膀。
你说被火烧过才能出现凤凰
逆风的方向，更适合飞翔。
我不怕千万人阻挡，只怕自己投降。
我和我最后的倔强，握紧双手绝对不放。
下一站是不是天堂，就算失望不能绝望。
我和我骄傲的倔强，我在风中大声地唱。
这一次为自己疯狂，就这一次我和我的倔强。
我和我最后的倔强，握紧双手绝对不放。
下一站是不是天堂，就算失望不能绝望。
我和我骄傲的倔强，我在风中大声地唱。
这一次为自己疯狂，就这一次我和我的倔强。
就这一次，让我大声唱。
啦啦啦啦啦啦啦啦
啦啦啦啦啦啦啦啦
啦啦啦啦啦啦啦啦
就算失望，不能绝望。
啦啦啦啦啦啦啦啦
啦啦啦啦啦啦啦啦
啦啦啦啦啦啦啦啦
就这一次，我和我的倔强。 [SYN0]",['民俗与传统'],['生活与反思'],0,0,cross-genre
"听落雨掉进寂静的森林
看夕阳之下远山的风景
屋檐的水滴悄悄地氤氲
嵌入了眼睛
世界像一座安静的岛屿
鱼肚白升起悄然无声息
等海鸟轻轻声唤起涟漪
等一缕阳光透过这湖面
照进我心里
等有风的时候把帆扬起
云朵的倒影
月色的缺盈
漫天的繁星
迷失的脚步
也慢慢被抚平
四季的光影
我看见划破长夜的流星
风吹起的时候
万里无云
鱼肚白升起悄然无声息
等海鸟轻轻声唤起涟漪
等一缕阳光透过这湖面
照进我心里
等有风的时候把帆扬起
云朵的倒影
月色的缺盈
漫天的繁星
迷失的脚步
也慢慢被抚平
四季的光影
我看见划破长夜的流星
风吹起的时候
万里无云
云朵的倒影
月色的缺盈
漫天的繁星
迷失的脚步
也慢慢被抚平
四季的光影
我看见划破长夜的流星
风吹起的时候
万里无云
去有风的地方 遇见你","在我的怀里
在你的眼里
那里春风沉醉
那里绿草如茵
月光把爱恋
洒满了湖面
两个人的篝火
照亮整个夜晚
多少年以后
如云般游走
那变换的脚步
让我们难牵手
这一生一世
有多少你我
被吞没在月光如水的夜里
多想某一天
往日又重现
我们流连忘返
在贝加尔湖畔
多少年以后
往事随云走
那纷飞的冰雪容不下那温柔
这一生一世
这时间太少
不够证明融化冰雪的深情
就在某一天
你忽然出现
你清澈又神秘
在贝加尔湖畔
你清澈又神秘
像贝加尔湖畔 [SYN0]",['风景与旅程'],['风景与旅程'],0,0,per-genre
"花开花又落
何处话凄凉
昨日曾为某人开放
谁的脚步声
已随风消散
留在琴声里回荡
站在凭栏处
独守着斜阳
心事怎耐得西风凉
熙攘的岁月
闻得桂花香
何必慨叹情似梦一场
悠悠的时光
念念又不忘
明明似美酒
却饮得断肠
幽幽的时光
如何回头望
真心值银钱
几两
站在凭栏处
独守着斜阳
心事怎耐得西风凉
熙攘的岁月
闻得桂花香
何必慨叹情似梦一场
悠悠的时光
念念又不忘
明明似美酒
却饮得断肠
幽幽的时光
如何回头望
真心值银钱
几两
悠悠的时光
念念又不忘
明明似美酒
却饮得断肠
幽幽的时光
如何回头望
真心值银钱
几两","傍晚6点下班 换掉药厂的衣裳
妻子在熬粥 我去喝几瓶啤酒
如此生活30年 直到大厦崩塌
云层深处的黑暗啊 淹没心底的景观
在八角柜台 疯狂的人民商场
用一张假钞 买一把假枪
保卫她的生活 直到大厦崩塌
夜幕覆盖华北平原 忧伤浸透她的脸
河北师大附中 乒乓少年背向我
沉默的注视 无法离开的教室
生活在经验里 直到大厦崩塌
一万匹脱缰的马 在他脑海中奔跑
如此生活30年 直到大厦崩塌
一万匹脱缰的马 在他脑海中奔跑
如此生活30年 直到大厦崩塌
云层深处的黑暗啊 淹没心底的景观",['生活与反思'],['社会与现实'],0,0,cross-genre
"兴高采烈的破蛹
华丽新生的冲动
寻找灿烂天地 美梦
主宰爱情的是谁
奋不顾身的扑火
就算轮回只为 衬托
你笑 你哭 你的动作
都是我的圣经 珍惜的背颂
我喜 我悲 我的生活
为你放弃自由 要为你左右
你是火 你是风
你是织网的恶魔
破碎的燕尾蝶
还做最后的美梦
你是火 你是风
你是天使的诱惑
让我做燕尾蝶
拥抱最后的美梦
让我短暂快乐 很感动
兴高采烈的破蛹
重获新生的冲动
寻找爱情世界 美梦
既然不是毛毛虫
就要壮烈的扑火
短暂青春要像 烟火
此生 此爱 此刻挥霍
挥霍我的色彩 在你的天空
你想 你说 你要我做
其实我很快乐 全都因为
你是火 你是风
你是织网的恶魔
破碎的燕尾蝶
还做最后的美梦
你是火 你是风
你是天使的诱惑
让我做燕尾蝶
拥抱最后的美梦
让我短暂快乐 很感动
你是火 你是风
你是织网的恶魔
破碎的燕尾蝶
还做最后的美梦
你是火 你是风
你是天使的诱惑
让我做燕尾蝶
拥抱最后的美梦
让我快乐 让我痛
你是火 你是风
你是织网的恶魔
破碎的燕尾蝶
还做最后的美梦
你是火 你是风
你是天使的诱惑
让我做燕尾蝶
拥抱最后的美梦
让我短暂快乐 很感动
让我短暂快乐 很感动","The stars in your eyes tonight
彼此眼神交集 给永恒定义
沉溺 蓝色清醒梦境
一滴泪轻吻手心 拥抱我的孤寂
如何描述我爱你
因你爱停止寻觅
写在星星的夜里
命中 注定是唯一
如何描述我爱你
因你 爱开始呼吸
写在跳动的心底
为了能再次遇到你
The stars in your eyes tonight
彼此眼神交集 给永恒定义
沉溺 蓝色清醒梦境
一滴泪轻吻手心 拥抱我的孤寂
如何描述我爱你
因你 爱停止寻觅
写在星星的夜里
命中 注定是唯一
如何描述我爱你
因你 爱开始呼吸
写在跳动的心底
为了能再次遇到你
即使 要先离开你
The stars in your eyes tonight
彼此眼神交集 给永恒定义 [SYN1]",['爱与浪漫'],['爱与浪漫'],0,1,per-genre
"能够握紧的就别放了
能够拥抱的就别拉扯
时间着急的冲刷着
剩下了什么
原谅走过的那些曲折
原来留下的都是真的
纵然似梦啊 半醒着
笑着哭着都快活 谁让
时间是让人猝不及防的东西
晴时有风阴有时雨
争不过朝夕又念着往昔
偷走了青丝却留住一个你
岁月是一场有去无回的旅行
好的坏的都是风景
别怪我贪心只是不愿醒
因为你只为你愿和我一起
看云淡风轻
能够握紧的就别放了
能够拥抱的就别拉扯
时间着急的冲刷着
剩下了什么
原谅走过的那些曲折
原来留下的都是真的
纵然似梦啊 半醒着
笑着哭着都快活 谁让
时间是让人猝不及防的东西
晴时有风阴有时雨
争不过朝夕又念着往昔
偷走了青丝却留住一个你
岁月是一场有去无回的旅行
好的坏的都是风景
别怪我贪心只是不愿醒
因为你只为你愿和我一起
看云淡风轻
时间是让人猝不及防的东西
晴时有风阴有时雨
争不过朝夕又念着往昔
偷走了青丝却留住一个你
岁月是一场有去无回的旅行
好的坏的都是风景
别怪我贪心只是不愿醒
因为你只为你愿和我一起
看云淡风轻 [SYN1]","置身迷幻乐园中
喧嚣覆盖了沉重
城市点亮了夜空
焦点消失霓虹中
马戏团不用庄重
表演快乐有恃无恐
你笑了我就成功
不必计较心痛不痛
小丑的梦没有人懂
不奢望你真的感动
厚重的妆隔着寂寞
热闹的城其实落寞
小丑的爱没有人懂
只希望看见你笑容
陌生的脸孔都错过
只剩下你一个
幽默粉饰我惶恐
不安藏匿疯癫中
就笑我痴人说梦
为寻得熟悉瞳孔
马戏团不用庄重
表演快乐有恃无恐
你笑了我就成功
不必计较心痛不痛
小丑的梦没有人懂
不奢望你真的感动
厚重的妆隔着寂寞
热闹的城其实落寞
小丑的爱没有人懂
只希望看见你笑容
陌生的脸孔都错过
只剩下你一个
小丑的梦没有人懂
不奢望你真的感动
厚重的妆隔着寂寞
热闹的城其实落寞
小丑的爱没有人懂
只希望看见你笑容
陌生的脸孔都错过
只剩下你一个做我观众",['生活与反思'],['社会与现实'],1,1,cross-genre
"在我的怀里
在你的眼里
那里春风沉醉
那里绿草如茵
月光把爱恋
洒满了湖面
两个人的篝火
照亮整个夜晚
多少年以后
如云般游走
那变换的脚步
让我们难牵手
这一生一世
有多少你我
被吞没在月光如水的夜里
多想某一天
往日又重现
我们流连忘返
在贝加尔湖畔
多少年以后
往事随云走
那纷飞的冰雪容不下那温柔
这一生一世
这时间太少
不够证明融化冰雪的深情
就在某一天
你忽然出现
你清澈又神秘
在贝加尔湖畔
你清澈又神秘
像贝加尔湖畔 [SYN0]","在我的怀里
在你的眼里
那里春风沉醉
那里绿草如茵
月光把爱恋
洒满了湖面
两个人的篝火
照亮整个夜晚
多少年以后
如云般游走
那变换的脚步
让我们难牵手
这一生一世
有多少你我
被吞没在月光如水的夜里
多想某一天
往日又重现
我们流连忘返
在贝加尔湖畔
多少年以后
往事随云走
那纷飞的冰雪容不下那温柔
这一生一世
这时间太少
不够证明融化冰雪的深情
就在某一天
你忽然出现
你清澈又神秘
在贝加尔湖畔
你清澈又神秘
像贝加尔湖畔 [SYN1]",['风景与旅程'],['风景与旅程'],1,1,per-genre
"我是宇宙间的尘埃
漂泊在这茫茫人海
偶然掉入谁的胸怀
多想从此不再离开
我是宇宙间的尘埃
微不足道的一种状态
偶然成了谁的最爱
多想相信永恒存在
是什么 让我遇见这样的你
是什么 让我不再怀疑自己
是什么 让我不再害怕失去
在这茫茫人海里 我不要变得透明
我是宇宙间的尘埃
漂泊在这茫茫人海
若你是我必然的存在
多想从此不再离开
是什么 让我遇见这样的你
是什么 让我不再怀疑自己
是什么 让我不再害怕失去
在这茫茫人海里 我不要变得透明
若时间注定要让你离开
我又该怎么学会不依赖
是什么 让我遇见这样的你
是什么 让我不再怀疑自己
是什么 让我不再害怕失去
在这茫茫人海里 我不要变得透明 [SYN0]","叫声妹妹你听着哦
哥哥知道你爱我
哥哥被爱伤得深
现在不想再谈咯
如今爱情好复杂啊
挣钱还怕她锁家
早知找她要变心
我才不和她来耍
谈起爱情真伤心
后悔当初把她跟
只想真心找一个
开开心心过一呀生
寂寞人来寂寞心
我的心情与谁分
那个可以了解我
肚中有苦说不呀清
知道妹妹你爱我哦
可我心里怕得多
想到以前真后悔
就怕妹妹你骗我
我的爱情很简单
爱我别把野花沾
真心实意爱着我
付出所有我心呀干
虽然哥哥我没钱
我会好好克上班
挣的钱来存卡里呀
以后结婚得方便
现在我呀不想谈
只想好好克上班
有钱才是大老板
没钱真是难上呀难
现在社会太现实
没钱真的好想哭
有钱美女陪你玩
没钱你就靠边站
现在社会大变样
有钱找得到婆娘
不像以前旧社会
没钱也会来床上
我劝女人你听着
不要苦钱多又多
有钱的人玩玩你
你到最后受折呀磨
虽然小伙钱不多哦
有钱小伙会不错
只要你来跟到我
幸福日子笑呵呀呵
有钱男人心变坏
一天只晓把妹爱
玩了这个玩那个哦
有钱男人心真坏
有钱没钱不存在
只要小妹把哥爱
爱人一起把钱挣
有了感情才是呀真
兄弟二人把歌唱
唱到现实的模样
这个社会太现实
没钱找不到婆娘 [SYN1]",['生活与反思'],['社会与现实'],0,0,cross-genre
"天已黑了
太阳在休息
遥远的夜空 看见闪亮的星
幻想着你我的天空 自由自在的飞翔
陪我歌唱 坐在弯弯的月亮
秋天过了
寒冬快来了
看见梅花枝叶
散落在眼前
星光闪耀的夜 却触不到你的脸
独自眷恋
我已再不能停息
雪花红梅飘 在空中
你的关怀 总让我感到心动
想起你的温柔 心情像花一样红
其实我也害怕寒雪的刺痛
雪花红梅飘 夜冰冻
烛光点燃 让我幻想着美梦
北风吹呀吹 慢慢流下了眼泪
只能思念 让爱随着风飘荡
不再回
秋天过了
寒冬快来了
看见梅花枝叶
散落在眼前
星光闪耀的夜 却触不到你的脸
独自眷恋
我已再不能停息
雪花红梅飘 在空中
你的关怀 总让我感到心动
想起你的温柔 心情像花一样红
其实我也害怕寒雪的刺痛
雪花红梅飘 夜冰冻
烛光点燃 让我幻想着美梦
北风吹呀吹 慢慢流下了眼泪
只能思念 让爱随着风飘荡
不再回 [SYN1]","野草一样 肆意生长
追寻 一束阳光
爱与理想 跟着风 不断碰撞
世界浩荡 也曾迷茫
不知 前路方向
你像 长夜星光 慢慢地 将我点亮
平凡的 伟大的 都是生活
你和我 探索着
持着 一盏灯火 对抗夜色 不曾有 退缩
也梦过 也痛过 人生曲折
是小我 是大我
其实 不重要的 只要你能 记得我
世界浩荡 也曾迷茫
不知 前路方向
你像 长夜星光 慢慢地 将我点亮
平凡的 伟大的 都是生活
你和我 探索着
持着 一盏灯火 对抗夜色 不曾有 退缩
也梦过 也痛过 人生曲折
是小我 是大我
其实 不重要的 只要你能 记得我
平凡的 伟大的 都是生活
你和我 探索着
持着 一盏灯火 对抗夜色 不曾有 退缩
也梦过 也痛过 人生曲折
是小我 是大我
其实 不重要的 只要你能 记得我 [SYN1]",['爱与浪漫'],['生活与反思'],0,1,cross-genre
"看昨天的我们 走远了
在命运广场中央 等待
那模糊的 肩膀
越奔跑 越渺小
曾经 并肩往前的 伙伴
在举杯 祝福后都 走散
只是那个 夜晚
我深深 的都留藏在心坎
长大以后 我只能奔跑
我多害怕 黑暗中跌倒
明天你好 含着泪微笑
越美好 越害怕得到
每一次哭
又笑着 奔跑
一边失去 一边在寻找
明天你好 声音多渺小
却提醒我
勇敢是什么
当我朝着反方向走去
在楼梯的角落 找勇气
抖着肩膀 哭泣
问自己 在哪里
曾经 并肩往前 的伙伴
沉默着 懂得我的委屈
时间它总说谎
我从 不曾失去 那些肩膀
长大以后
我只能奔跑
我多害怕 黑暗中跌倒
明天你好 含着泪微笑
越美好 越害怕得到
每一次哭
又笑着奔跑
一边失去 一边在寻找
明天你好 声音多渺小
却提醒我
勇敢是什么 [SYN1]","黑暗里谁还不睡
黑色的心情和斗篷假面
黑夜的黑不是最黑
而在於贪婪找不到底线
脚下是卑微的街
我孤独站在城市天际线
别问我恶类或善类
我只是渴望飞的哺乳类
善恶的分界 不是对立面
而是每个人 那最后纯洁的防线
都逃不过考验
有没有一种考验 有没有一次淬炼
拯救了世界就像 英雄 电影 情节
有没有一种信念 有没有一句誓言
呼唤黎明的出现 yeah yeah yeah yeah
呼唤黎明的出现 yeah yeah yeah yeah
呼唤黎明的出现
为什么抓光了贼
多年来更没目击过抢匪
而贫穷还是像潮水
淹没了人们生存的尊严
文明最颠峰某天
人们和蝙蝠却住回洞穴
那罪行再也看不见
都躲在法律和交易后面
善恶的分界 不怕难分辨
只怕每个人 都关上双耳和双眼
都害怕去改变
有没有一种改变 有没有一次壮烈
结局的完美就像 英雄 电影 情节
有没有一种信念 有没有一句誓言
呼唤黎明的出现 yeah yeah yeah yeah
呼唤黎明的出现 yeah yeah yeah yeah
呼唤黎明的出现
呼唤黎明的出现
越来越毒的雨水 越来越多的灾变
越来越远的从前 英雄 电影 情节
律师和小丑勾结 民代和财团签约
善良和罪恶妥协
越来越大的企业 越来越小的公园
越来越深的幻灭 英雄 电影 情节
面具下的人是谁 或者说不管是谁
都无法全身而退 yeah yeah yeah yeah
都无法全身而退 yeah yeah yeah yeah
都无法全身而退
当我们都走上街当我们怀抱信念
当我们亲身扮演 英雄 电影 情节
你就是一种信念 你就是一句誓言
世界正等你出现 yeah yeah yeah yeah
世界正等你出现 yeah yeah yeah yeah
Oh yeah yeah",['生活与反思'],['社会与现实'],0,0,cross-genre
"星星当空
打把鸡枞
鸡枞满满
架笔管管
笔管漏漏
咋个说哟
架呀嘛绿豆豆
绿豆香香
架新姜姜
新姜辣辣
架宝塔塔
宝塔高高
扭着腰腰
我的宝宝
快睡觉
宝塔高高
扭着腰腰
我的宝宝
快睡觉
星星当空
打把鸡枞
鸡枞满满
架笔管管
笔管漏漏
咋个说哟
架呀嘛绿豆豆
绿豆香香
架新姜姜
新姜辣辣
架宝塔塔
宝塔高高
扭着腰腰
我的宝宝
快睡觉
宝塔高高
扭着腰腰
我的宝宝
快睡觉
我的宝宝
快睡觉 [SYN0]","在我的怀里
在你的眼里
那里春风沉醉
那里绿草如茵
月光把爱恋
洒满了湖面
两个人的篝火
照亮整个夜晚
多少年以后
如云般游走
那变换的脚步
让我们难牵手
这一生一世
有多少你我
被吞没在月光如水的夜里
多想某一天
往日又重现
我们流连忘返
在贝加尔湖畔
多少年以后
往事随云走
那纷飞的冰雪容不下那温柔
这一生一世
这时间太少
不够证明融化冰雪的深情
就在某一天
你忽然出现
你清澈又神秘
在贝加尔湖畔
你清澈又神秘
像贝加尔湖畔 [SYN1]",['民俗与传统'],['风景与旅程'],0,0,cross-genre
"逆着光 树荫在闪烁
仿佛 摇曳过年少执着
那个远方 正是脚下的此刻
收拾好行囊 眼神却沉默
宽心的 话别多说
分开走 沿途依然陡峭曲折
别闪躲 就当再一次修炼你我
偏执的选择 内心依旧炙热
冒着骤雨风暴继续颠簸
无惧打破平凡人生规则
只为了 只为了收获独一无二的我
跌跌撞撞冲进下个日落
才更奢望闪耀的烟火
相信的美梦 依然高高悬挂着
汇成星河
宽心的 话别多说
分开走 沿途依然陡峭曲折
别闪躲 就当再一次修炼你我
偏执的选择 内心依旧炙热
冒着骤雨风暴继续颠簸
无惧打破平凡人生规则
只为了 只为了收获独一无二的我
跌跌撞撞冲进下个日落
才更奢望闪耀的烟火
相信的美梦 依然高高悬挂着
冒着骤雨风暴继续颠簸
无惧打破平凡人生规则
只为了 只为了收获独一无二的我
跌跌撞撞冲进下个日落
才更奢望闪耀的烟火
相信的美梦 依然高高悬挂着
汇成星河","能够握紧的就别放了
能够拥抱的就别拉扯
时间着急的冲刷着
剩下了什么
原谅走过的那些曲折
原来留下的都是真的
纵然似梦啊 半醒着
笑着哭着都快活 谁让
时间是让人猝不及防的东西
晴时有风阴有时雨
争不过朝夕又念着往昔
偷走了青丝却留住一个你
岁月是一场有去无回的旅行
好的坏的都是风景
别怪我贪心只是不愿醒
因为你只为你愿和我一起
看云淡风轻
能够握紧的就别放了
能够拥抱的就别拉扯
时间着急的冲刷着
剩下了什么
原谅走过的那些曲折
原来留下的都是真的
纵然似梦啊 半醒着
笑着哭着都快活 谁让
时间是让人猝不及防的东西
晴时有风阴有时雨
争不过朝夕又念着往昔
偷走了青丝却留住一个你
岁月是一场有去无回的旅行
好的坏的都是风景
别怪我贪心只是不愿醒
因为你只为你愿和我一起
看云淡风轻
时间是让人猝不及防的东西
晴时有风阴有时雨
争不过朝夕又念着往昔
偷走了青丝却留住一个你
岁月是一场有去无回的旅行
好的坏的都是风景
别怪我贪心只是不愿醒
因为你只为你愿和我一起
看云淡风轻 [SYN1]",['生活与反思'],['生活与反思'],0,0,per-genre
"总是向往 趋近理想
越是渴望 越笨拙模样
你的凌乱 我的慌张
它都看着的吧
却不声张
有人停 有人一如既往流浪
生活是房
日子是窗
远方在眼光里也可以深长
吹开吧 吹开你我脸上忧伤
心更空旷
才能有光
想要的故事就发生在身旁
每扇窗
喔
人啊
喔
善忘
总是向往 趋近理想
越是渴望 越笨拙模样
你的凌乱 我的慌张
它都看着的吧
却不声张
有人停 有人一如既往流浪
生活是房
日子是窗
远方在眼光里也可以深长
吹开吧 吹开你我脸上忧伤
心更空旷
才能有光
想要的故事就发生在身旁
每扇窗
喔
人啊
喔
善忘
喔
人啊
喔
善忘 [SYN1]","远山青黛闻犬吠
花房歌声又抵达
藕花深处风吹起
桃园如诗又如画
一弯新月醉琵琶
一盏灯火山乡梦
夕阳召唤晚归鸟
白鹭飞出古人家
山如画水如画
一叶轻舟戏晚霞
荷叶肥荷花美
一瓣凝露向天涯
山如画水如画
蓑衣斗笠映晚霞
九曲十弯笑声荡
炊烟熏黄彼岸花
一弯新月醉琵琶
一盏灯火山乡梦
夕阳召唤晚归鸟
白鹭飞出古人家
山如画水如画
一叶轻舟戏晚霞
荷叶肥荷花美
一瓣凝露向天涯
山如画水如画
蓑衣斗笠映晚霞
九曲十弯笑声荡
炊烟熏黄彼岸花
熏黄彼岸花 [SYN1]",['生活与反思'],['风景与旅程'],0,0,cross-genre
"总是向往 趋近理想
越是渴望 越笨拙模样
你的凌乱 我的慌张
它都看着的吧
却不声张
有人停 有人一如既往流浪
生活是房
日子是窗
远方在眼光里也可以深长
吹开吧 吹开你我脸上忧伤
心更空旷
才能有光
想要的故事就发生在身旁
每扇窗
喔
人啊
喔
善忘
总是向往 趋近理想
越是渴望 越笨拙模样
你的凌乱 我的慌张
它都看着的吧
却不声张
有人停 有人一如既往流浪
生活是房
日子是窗
远方在眼光里也可以深长
吹开吧 吹开你我脸上忧伤
心更空旷
才能有光
想要的故事就发生在身旁
每扇窗
喔
人啊
喔
善忘
喔
人啊
喔
善忘 [SYN1]","谁轻轻呼唤
在天上 在云端
让我日夜想象
在梦里回到你身旁
彩云之南 我心的方向
孔雀飞去 回忆悠长
玉龙雪山 闪耀着银光
秀色丽江 人在路上
彩云之南 归去的地方
往事芬芳 随风飘扬
蝴蝶泉边 歌声在流淌
泸沽湖畔 心仍荡漾
谁轻轻呼唤
在天上 在云端
让我日夜想象
在梦里回到你身旁
彩云之南 我心的方向
孔雀飞去 回忆悠长
玉龙雪山 闪耀着银光
秀色丽江 人在路上
彩云之南 归去的地方
往事芬芳 随风飘扬
蝴蝶泉边 歌声在流淌
泸沽湖畔 心仍荡漾
记得那时那里的天多湛蓝
你的眼里闪着温柔的阳光
这世界变幻无常
如今你又在何方
原谅我无法陪你走那么长
别人的天堂不是我们的远方
不虚此行别遗憾
彩云之南 归去的地方
往事芬芳 随风飘扬
蝴蝶泉边 歌声在流淌
泸沽湖畔 心仍荡漾",['生活与反思'],['风景与旅程'],0,0,cross-genre
"嘿 如果听到这旋律
和你倾诉一段光阴
也许你也会共鸣
嘿 有个男孩的曾经
小小的手和老钢琴
故事展开了美丽
那男孩爬上了琴椅
黑键白键映满眼睛
耶
试探着敲奏出旋律
敲开了命运的觉醒
喔
当别的孩子在疯电玩模型
男孩却反复着艰涩德布西
半音程 全音程 历程多艰辛
伤痕变成指环胎记
白键是众人的赞叹
黑键是暗地的努力
祈祷奇迹
其实不如无尽的练习
嘿 如果听到这旋律
和你倾诉一段光阴
也许你也会共鸣
耶
嘿 有个男孩的曾经
小小的手和老钢琴
故事展开了美丽
并不是所有道理都
黑键白键般的分明
耶
所幸在音乐世界里
呜
闯出了自己的天地
喔
那一年那一首江南的旋律
男孩才经历了柳暗和花明
平均律学不会命运的定律
幸运莫若找到知音
黑键是不断的挑战
白键是肯定的金曲
交织交响
叫我感激每一刻经历
嘿 如果能让这旋律
陪你经历人生风雨
是我最大的幸运
耶
嘿 那个男孩的如今
和你交织多么紧密
像黑键白键相依
耶
嘿 听着这首歌的你
曾经相信英雄的你
还在等待谁降临
耶
嘿 答案一直都是你
带着黑键般的叛逆
改变世界和自己
嘿 答案一直都是你
带着黑键般的叛逆
改变世界和自己 [SYN1]","黑暗里谁还不睡
黑色的心情和斗篷假面
黑夜的黑不是最黑
而在於贪婪找不到底线
脚下是卑微的街
我孤独站在城市天际线
别问我恶类或善类
我只是渴望飞的哺乳类
善恶的分界 不是对立面
而是每个人 那最后纯洁的防线
都逃不过考验
有没有一种考验 有没有一次淬炼
拯救了世界就像 英雄 电影 情节
有没有一种信念 有没有一句誓言
呼唤黎明的出现 yeah yeah yeah yeah
呼唤黎明的出现 yeah yeah yeah yeah
呼唤黎明的出现
为什么抓光了贼
多年来更没目击过抢匪
而贫穷还是像潮水
淹没了人们生存的尊严
文明最颠峰某天
人们和蝙蝠却住回洞穴
那罪行再也看不见
都躲在法律和交易后面
善恶的分界 不怕难分辨
只怕每个人 都关上双耳和双眼
都害怕去改变
有没有一种改变 有没有一次壮烈
结局的完美就像 英雄 电影 情节
有没有一种信念 有没有一句誓言
呼唤黎明的出现 yeah yeah yeah yeah
呼唤黎明的出现 yeah yeah yeah yeah
呼唤黎明的出现
呼唤黎明的出现
越来越毒的雨水 越来越多的灾变
越来越远的从前 英雄 电影 情节
律师和小丑勾结 民代和财团签约
善良和罪恶妥协
越来越大的企业 越来越小的公园
越来越深的幻灭 英雄 电影 情节
面具下的人是谁 或者说不管是谁
都无法全身而退 yeah yeah yeah yeah
都无法全身而退 yeah yeah yeah yeah
都无法全身而退
当我们都走上街当我们怀抱信念
当我们亲身扮演 英雄 电影 情节
你就是一种信念 你就是一句誓言
世界正等你出现 yeah yeah yeah yeah
世界正等你出现 yeah yeah yeah yeah
Oh yeah yeah [SYN1]",['生活与反思'],['社会与现实'],1,0,cross-genre
"看世人
看世人慌慌张张 却只为碎银几两
偏偏这碎银几两 能解这世人慌张
HA
夜凉西风冷嗖嗖
听风说孤独依旧
往事如梦入了酒
却烫了喉
情字写不到最后
差了一笔变成囚
抽剑斩不断缘分 的愁
看世人慌慌张张 却只为碎银几两
偏偏这碎银几两 能解这世人慌张
把心事写进眼眶 却变成了眼泪两行
看世人匆匆忙忙 却只为碎银几两
总会有人在夜里看月光
尽管不是属于我的光 也够回想
情字写不到最后
差了一笔变成囚
抽剑斩不断缘分 的愁
看世人慌慌张张 却只为碎银几两
偏偏这碎银几两 能解这世人慌张
把心事写进眼眶 却变成了眼泪两行
看世人匆匆忙忙 却只为碎银几两
总会有人在夜里看月光
尽管不是属于我的光 也够回想 [SYN1]","在我的怀里
在你的眼里
那里春风沉醉
那里绿草如茵
月光把爱恋
洒满了湖面
两个人的篝火
照亮整个夜晚
多少年以后
如云般游走
那变换的脚步
让我们难牵手
这一生一世
有多少你我
被吞没在月光如水的夜里
多想某一天
往日又重现
我们流连忘返
在贝加尔湖畔
多少年以后
往事随云走
那纷飞的冰雪容不下那温柔
这一生一世
这时间太少
不够证明融化冰雪的深情
就在某一天
你忽然出现
你清澈又神秘
在贝加尔湖畔
你清澈又神秘
像贝加尔湖畔",['社会与现实'],['风景与旅程'],0,0,cross-genre
"星星当空
打把鸡枞
鸡枞满满
架笔管管
笔管漏漏
咋个说哟
架呀嘛绿豆豆
绿豆香香
架新姜姜
新姜辣辣
架宝塔塔
宝塔高高
扭着腰腰
我的宝宝
快睡觉
宝塔高高
扭着腰腰
我的宝宝
快睡觉
星星当空
打把鸡枞
鸡枞满满
架笔管管
笔管漏漏
咋个说哟
架呀嘛绿豆豆
绿豆香香
架新姜姜
新姜辣辣
架宝塔塔
宝塔高高
扭着腰腰
我的宝宝
快睡觉
宝塔高高
扭着腰腰
我的宝宝
快睡觉
我的宝宝
快睡觉 [SYN0]","听落雨掉进寂静的森林
看夕阳之下远山的风景
屋檐的水滴悄悄地氤氲
嵌入了眼睛
世界像一座安静的岛屿
鱼肚白升起悄然无声息
等海鸟轻轻声唤起涟漪
等一缕阳光透过这湖面
照进我心里
等有风的时候把帆扬起
云朵的倒影
月色的缺盈
漫天的繁星
迷失的脚步
也慢慢被抚平
四季的光影
我看见划破长夜的流星
风吹起的时候
万里无云
鱼肚白升起悄然无声息
等海鸟轻轻声唤起涟漪
等一缕阳光透过这湖面
照进我心里
等有风的时候把帆扬起
云朵的倒影
月色的缺盈
漫天的繁星
迷失的脚步
也慢慢被抚平
四季的光影
我看见划破长夜的流星
风吹起的时候
万里无云
云朵的倒影
月色的缺盈
漫天的繁星
迷失的脚步
也慢慢被抚平
四季的光影
我看见划破长夜的流星
风吹起的时候
万里无云
去有风的地方 遇见你 [SYN1]",['民俗与传统'],['风景与旅程'],1,0,cross-genre
"花开花又落
何处话凄凉
昨日曾为某人开放
谁的脚步声
已随风消散
留在琴声里回荡
站在凭栏处
独守着斜阳
心事怎耐得西风凉
熙攘的岁月
闻得桂花香
何必慨叹情似梦一场
悠悠的时光
念念又不忘
明明似美酒
却饮得断肠
幽幽的时光
如何回头望
真心值银钱
几两
站在凭栏处
独守着斜阳
心事怎耐得西风凉
熙攘的岁月
闻得桂花香
何必慨叹情似梦一场
悠悠的时光
念念又不忘
明明似美酒
却饮得断肠
幽幽的时光
如何回头望
真心值银钱
几两
悠悠的时光
念念又不忘
明明似美酒
却饮得断肠
幽幽的时光
如何回头望
真心值银钱
几两 [SYN0]","夜空中最亮的星
能否听清
那仰望的人
心底的孤独和叹息
oh夜空中最亮的星
能否记起
曾与我同行
消失在风里的身影
我祈祷拥有一颗透明的心灵
和会流泪的眼睛
给我再去相信的勇气
oh越过谎言去拥抱你
每当我找不到存在的意义
每当我迷失在黑夜里
oh 夜空中最亮的星
请指引我靠近你
夜空中最亮的星
是否知道
曾与我同行的身影
如今在哪里
oh夜空中最亮的星
是否在意
是等太阳升起
还是意外先来临
我宁愿所有痛苦都留在心里
也不愿忘记你的眼睛
给我再去相信的勇气
oh越过谎言去拥抱你
每当我找不到存在的意义
每当我迷失在黑夜里
oh 夜空中最亮的星
oh请照亮我前行
我祈祷拥有一颗透明的心灵
和会流泪的眼睛
给我再去相信的勇气
oh越过谎言去拥抱你
每当我找不到存在的意义
每当我迷失在黑夜里
oh 夜空中最亮的星
oh请照亮我前行
夜空中最亮的星
能否听清
那仰望的人
心底的孤独和叹息",['生活与反思'],['生活与反思'],0,0,per-genre
"天黑了 你很忧愁
你说世界上
找不到四块五的妞
行走在凌晨两点的马路上
你疲倦地拿着半盒黄鹤楼
你说可怜世间万物
没有四块五的妞
怎样了 你兜儿里只剩五块出头
人生路长 你说你想去看没有边际的海洋
那里可能会有三块五的海景房
怎样了 你是否闲事悠悠
你说花完所有的钱就剩下一块六
就剩下一块六 又到了难倒英雄汉的时候
傍晚的时候 她的脸庞定格在你心头
人海茫茫 她可能是你四块五的妞
幻想着总有一天会出头
终有人愿意做你四块五的妞
流浪吧 在风雨交加的时候
人海茫茫 她可能是你四块五的妞
幻想着总有一天会出头
终有人愿意做你四块五的妞
流浪吧 在风雨交加的时候
流浪吧 在风雨交加的时候 [SYN1]","傍晚6点下班 换掉药厂的衣裳
妻子在熬粥 我去喝几瓶啤酒
如此生活30年 直到大厦崩塌
云层深处的黑暗啊 淹没心底的景观
在八角柜台 疯狂的人民商场
用一张假钞 买一把假枪
保卫她的生活 直到大厦崩塌
夜幕覆盖华北平原 忧伤浸透她的脸
河北师大附中 乒乓少年背向我
沉默的注视 无法离开的教室
生活在经验里 直到大厦崩塌
一万匹脱缰的马 在他脑海中奔跑
如此生活30年 直到大厦崩塌
一万匹脱缰的马 在他脑海中奔跑
如此生活30年 直到大厦崩塌
云层深处的黑暗啊 淹没心底的景观 [SYN1]",['社会与现实'],['社会与现实'],0,1,per-genre
"雨落也无声
风过也无痕
悲伤不敢声明
怕扰乱气氛
热闹环境声
快乐有剧本
才惊觉自己
有表演天分
礼貌地笑着
衣冠齐楚着
准时清醒着
约定俗成的规则
就算跌进深邃的黑暗里
就算坠入无边的梦魇里
就算世界
顷刻间分崩离析
就算微笑背后是叹息
直到我
迷惘而仓促的被你捡起
狼狈而慌乱的被你抱紧
直到眼睛
捕捉到光的缝隙
直到你
让死而复生的心
还可以惊天动地
热闹环境声
快乐有剧本
才惊觉自己
有表演天分
礼貌地笑着
衣冠齐楚着
准时清醒着
约定俗成的规则
就算跌进深邃的黑暗里
就算坠入无边的梦魇里
就算世界
顷刻间分崩离析
就算微笑背后是叹息
直到我
迷惘而仓促的被你捡起
狼狈而慌乱的被你抱紧
直到眼睛
捕捉到光的缝隙
直到你
让死而复生的心
就算跌进深邃的黑暗里
就算坠入无边的梦魇里
就算世界
顷刻间分崩离析
就算微笑背后是叹息
直到你
穿过人来人去的光影里
趟过无处安放的回忆里
直到神经
痛觉都被你占领
直到我
波澜不惊的生命
还可以惊天动地 [SYN0]","置身迷幻乐园中
喧嚣覆盖了沉重
城市点亮了夜空
焦点消失霓虹中
马戏团不用庄重
表演快乐有恃无恐
你笑了我就成功
不必计较心痛不痛
小丑的梦没有人懂
不奢望你真的感动
厚重的妆隔着寂寞
热闹的城其实落寞
小丑的爱没有人懂
只希望看见你笑容
陌生的脸孔都错过
只剩下你一个
幽默粉饰我惶恐
不安藏匿疯癫中
就笑我痴人说梦
为寻得熟悉瞳孔
马戏团不用庄重
表演快乐有恃无恐
你笑了我就成功
不必计较心痛不痛
小丑的梦没有人懂
不奢望你真的感动
厚重的妆隔着寂寞
热闹的城其实落寞
小丑的爱没有人懂
只希望看见你笑容
陌生的脸孔都错过
只剩下你一个
小丑的梦没有人懂
不奢望你真的感动
厚重的妆隔着寂寞
热闹的城其实落寞
小丑的爱没有人懂
只希望看见你笑容
陌生的脸孔都错过
只剩下你一个做我观众 [SYN0]",['生活与反思'],['社会与现实'],1,0,cross-genre
"等天崩地裂的那一瞬间
待坍塌破碎了睁开双眼
无处安放灵魂 只能降落
若灵魂相结在天地之间
看山盟海誓引一场惊觉
没有你的世界 我无力承受
拔情诀爱的最后
指尖缠绕的温柔
化作一把锋利剑
刺向了我
诀爱
模糊光阴距离
连时间都暂停
全都只是因为你
确定
你是心中唯一
说再见来不及
开不了口的惋惜
来不及
若灵魂相结在天地之间
看山盟海誓引一场惊觉
没有你的世界 我无力承受
拔情诀爱的最后
指尖缠绕的温柔
化作一把锋利剑
刺向了我
诀爱
模糊光阴距离
连时间都暂停
全都只是因为你
确定
你是心中唯一
说再见来不及
开不了口的惋惜
来不及
Woah
来不及
Woah
诀别的爱 [SYN1]","给你一张过去的CD
听听那时我们的爱情
有时会突然忘了 我还在爱着你
再唱不出那样的歌曲
听到都会红着脸躲避
虽然会经常忘了 我依然爱着你
因为爱情 不会轻易悲伤
所以一切都是幸福的模样
因为爱情 简单的生长
依然随时可以为你疯狂
因为爱情 怎么会有沧桑
所以我们还是年轻的模样
因为爱情 在那个地方
依然还有人在那里游荡
人来人往
再唱不出那样的歌曲
听到都会红着脸躲避
虽然会经常忘了
我依然爱着你
因为爱情 不会轻易悲伤
所以一切都是幸福的模样
因为爱情 简单的生长
依然随时可以为你疯狂
因为爱情 怎么会有沧桑
所以我们还是年轻的模样
因为爱情 在那个地方
依然还有人在那里游荡
人来人往
给你一张过去的CD
听听那时我们的爱情
有时会突然忘了
我还在爱着你 [SYN0]",['爱与浪漫'],['爱与浪漫'],0,0,per-genre
"遇见一株玫瑰的鲜活
带着风雨过后的光泽
阳光在她的裙摆之上降落
如暗淡世界一抹红色烟火
我要不顾一切地把她带走
种植在心里面最温暖的角落
Give my love to her
Give everything to her
看她骄傲绽放 只专属于我
我要给她屋檐 惦念 泪水
刺痛也不松开的拥抱
到最后
也许我无法了解她所有感受
不知她曾仰望过的星空
她高昂着头却 仿佛也支撑我
枯萎后也会有新盛开
我要日夜都守在她的左右
她有锐利的刺我有温柔的手
Give my love to her
Give everything to her
看她骄傲绽放 只专属于我
我要给她屋檐 惦念 泪水
刺痛也不松开的拥抱
到最后
She is my favorite rose
She is my only rose
请赐予她永远 肆意和明朗
我要给她归属 岁月 欢喜
和我有的最深的爱意
到最后
遇见一株玫瑰的鲜活
带着风雨过后的光泽
阳光在她的裙摆之上降落
如暗淡世界一抹红色烟火 [SYN0]","我不介意你慢动作
也不介意这次先擦肩而过
吃一人份的饭 刷一人份的碗
真的我并没有觉得孤单
逛一人份的街 买一人份的单
真的我并没有觉得孤单
我相信你正在与我相遇的路上马不停蹄
所以当我拥抱整个世界的孤寂
也像拥抱着你
我不介意你慢动作
也不介意这次先擦肩而过
某天我们总会遇到对方然后说
原来 是你噢
我不介意你慢动作
也不介意这次先擦肩而过
某天你会发现灯火阑珊处的我
等了你 好久噢
吃一人份的饭 刷一人份的碗
真的我并没有觉得孤单
逛一人份的街 买一人份的单
真的我并没有觉得孤单
我相信你正在与我相遇的路上马不停蹄
所以当我拥抱整个世界的孤寂
也像拥抱着你
我不介意你慢动作
也不介意这次先擦肩而过
某天我们总会遇到对方然后说
原来 是你噢
我不介意你慢动作
也不介意这次先擦肩而过
某天你会发现灯火阑珊处的我
等了你 好久噢
正在与我相遇的路上马不停蹄
就算这次先擦肩而过
所以当我拥抱整个世界的孤寂
也像拥抱着你
我不介意你慢动作
也不介意这次先擦肩而过
某天我们总会遇到对方然后说
好巧噢
你总会等到姗姗来迟的我
我总会等到姗姗来迟的你
我总会等到姗姗来迟的你
你总会等到姗姗来迟的我",['爱与浪漫'],['爱与浪漫'],0,0,per-genre
"远处蔚蓝天空下
涌动着金色的麦浪
就在那里曾是你和我
爱过的地方
当微风带着收获的味道
吹向我脸庞
想起你轻柔的话语
曾打湿我眼眶
嗯...啦...嗯...啦...
我们曾在田野里歌唱
在冬季盼望
却没能等到阳光下
这秋天的景象
就让失散的誓言飞舞吧
随西风飘荡
就像你柔软的长发
曾芬芳我梦乡
嗯...啦...嗯...啦...
远处蔚蓝天空下
涌动着金色的麦浪
就在那里曾是你和我
爱过的地方
当微风带着收获的味道
吹向我脸庞
想起你轻柔的话语
曾打湿我眼眶
嗯...啦...嗯...啦...
我们曾在田野里歌唱
在冬季盼望
却没能等到阳光下
这秋天的景象
就让失散的誓言飞舞吧
随西风飘荡
就像你柔软的长发
曾芬芳我梦乡
嗯...啦...嗯...啦... [SYN1]","传说中的一个湖
胜过人间无数
人间无数
秀水绕青山
青山映绿湖
山连山哟水涟水
山水之间渔家住
渔家住
湖底的城堡
千年的迷雾
千座翠岛倾碧水
千岛碧水似珍珠
夕阳冉江红
轻舟似画图
悠悠历史成千古
西子三千入水库
魅力家乡千岛湖
胜过人间无数
人间无数
森林大氧吧
溪群汇瀑布
山连山哟水涟水
山水之间渔家住
渔家住
湖底的城堡
千年的迷雾
千座翠岛倾碧水
千岛碧水似珍珠
夕阳冉江红
轻舟似画图
千岛风光美无限
流连忘返看不够
流连忘返看
看不够",['生活与反思'],['风景与旅程'],0,0,cross-genre
"南部小城
没有光彩照人
每次我回到这里
我都感觉着平静
阳光炽烈
人们慢悠悠的步子
零落的草帽
我栽的花儿
摇啊摇
摇啊摇
摇啊摇
摇啊摇
我在这里一个人唱这首歌
人们只是微笑
哦微笑
我在这里一个人唱这首歌
你不会知道
哦知道
南部小城
光阴缓流的城
每次我回到这里
你都那么的恬静
赞美夏天
女孩摇曳的裙摆
撩动了昨天
荡着的秋千
摇啊摇
摇啊摇
摇啊摇
摇啊摇
我在这里一个人唱这首歌
人们只是微笑
哦微笑
我在这里一个人唱这首歌
你不会知道
哦知道
我在这里一个人唱这首歌
人们只是微笑
哦微笑
我在这里一个人唱这首歌
你不会知道
哦知道 [SYN0]","风扬起了你的黑发
你不经心地甩过鬓颊
笑可以天然地飘洒
心是一地草野
唯一的家乡
是我从不能朝仰的远方
夜晚你含泥土的气息
纯然原始的粗犷
冷地热着的眼神消长
你握有誓言般的梦想
即不能停止流浪 流浪
回声中 有人呼喊
有人悼念
有人不言不语地明白
你是南国来的孩子
有着不能缚的性子
身上披覆了寓言而浑然不知
奔跑着 忘我的
快乐悲伤都放肆
阳光也不愿阻止
你是南国来的孩子
人要爱人要恨的样子
血里流窜着远在古老的故事
手心刻划上帝的仁慈
与未知相似 与未知相似
夜晚你含泥土的气息
纯然原始的粗犷
冷地热着的眼神消长
你握有誓言般的梦想
即不能停止流浪 流浪
你是南国来的孩子
有着不能缚的性子
身上披覆了寓言而浑然不知
奔跑着 忘我的
快乐悲伤都放肆
阳光也不愿阻止
你是南国来的孩子
人要爱人要恨的样子
血里流窜着远在古老的故事
手心刻划上帝的仁慈
与未知相似
你是南国来的孩子
有着不能缚的性子
身上披覆了寓言而浑然不知
奔跑着 忘我的
快乐悲伤都放肆
阳光也不愿阻止
你是南国来的孩子
人要爱人要恨的样子
血里流窜着远在古老的故事
手心刻划上帝的仁慈
与未知相似 与未知相似
与未知相似 与未知相似
相似 [SYN0]",['风景与旅程'],['风景与旅程'],0,0,per-genre
"天已黑了
太阳在休息
遥远的夜空 看见闪亮的星
幻想着你我的天空 自由自在的飞翔
陪我歌唱 坐在弯弯的月亮
秋天过了
寒冬快来了
看见梅花枝叶
散落在眼前
星光闪耀的夜 却触不到你的脸
独自眷恋
我已再不能停息
雪花红梅飘 在空中
你的关怀 总让我感到心动
想起你的温柔 心情像花一样红
其实我也害怕寒雪的刺痛
雪花红梅飘 夜冰冻
烛光点燃 让我幻想着美梦
北风吹呀吹 慢慢流下了眼泪
只能思念 让爱随着风飘荡
不再回
秋天过了
寒冬快来了
看见梅花枝叶
散落在眼前
星光闪耀的夜 却触不到你的脸
独自眷恋
我已再不能停息
雪花红梅飘 在空中
你的关怀 总让我感到心动
想起你的温柔 心情像花一样红
其实我也害怕寒雪的刺痛
雪花红梅飘 夜冰冻
烛光点燃 让我幻想着美梦
北风吹呀吹 慢慢流下了眼泪
只能思念 让爱随着风飘荡
不再回 [SYN0]","南部小城
没有光彩照人
每次我回到这里
我都感觉着平静
阳光炽烈
人们慢悠悠的步子
零落的草帽
我栽的花儿
摇啊摇
摇啊摇
摇啊摇
摇啊摇
我在这里一个人唱这首歌
人们只是微笑
哦微笑
我在这里一个人唱这首歌
你不会知道
哦知道
南部小城
光阴缓流的城
每次我回到这里
你都那么的恬静
赞美夏天
女孩摇曳的裙摆
撩动了昨天
荡着的秋千
摇啊摇
摇啊摇
摇啊摇
摇啊摇
我在这里一个人唱这首歌
人们只是微笑
哦微笑
我在这里一个人唱这首歌
你不会知道
哦知道
我在这里一个人唱这首歌
人们只是微笑
哦微笑
我在这里一个人唱这首歌
你不会知道
哦知道 [SYN0]",['爱与浪漫'],['风景与旅程'],0,0,cross-genre
"置身迷幻乐园中
喧嚣覆盖了沉重
城市点亮了夜空
焦点消失霓虹中
马戏团不用庄重
表演快乐有恃无恐
你笑了我就成功
不必计较心痛不痛
小丑的梦没有人懂
不奢望你真的感动
厚重的妆隔着寂寞
热闹的城其实落寞
小丑的爱没有人懂
只希望看见你笑容
陌生的脸孔都错过
只剩下你一个
幽默粉饰我惶恐
不安藏匿疯癫中
就笑我痴人说梦
为寻得熟悉瞳孔
马戏团不用庄重
表演快乐有恃无恐
你笑了我就成功
不必计较心痛不痛
小丑的梦没有人懂
不奢望你真的感动
厚重的妆隔着寂寞
热闹的城其实落寞
小丑的爱没有人懂
只希望看见你笑容
陌生的脸孔都错过
只剩下你一个
小丑的梦没有人懂
不奢望你真的感动
厚重的妆隔着寂寞
热闹的城其实落寞
小丑的爱没有人懂
只希望看见你笑容
陌生的脸孔都错过
只剩下你一个做我观众 [SYN0]","看世人
看世人慌慌张张 却只为碎银几两
偏偏这碎银几两 能解这世人慌张
HA
夜凉西风冷嗖嗖
听风说孤独依旧
往事如梦入了酒
却烫了喉
情字写不到最后
差了一笔变成囚
抽剑斩不断缘分 的愁
看世人慌慌张张 却只为碎银几两
偏偏这碎银几两 能解这世人慌张
把心事写进眼眶 却变成了眼泪两行
看世人匆匆忙忙 却只为碎银几两
总会有人在夜里看月光
尽管不是属于我的光 也够回想
情字写不到最后
差了一笔变成囚
抽剑斩不断缘分 的愁
看世人慌慌张张 却只为碎银几两
偏偏这碎银几两 能解这世人慌张
把心事写进眼眶 却变成了眼泪两行
看世人匆匆忙忙 却只为碎银几两
总会有人在夜里看月光
尽管不是属于我的光 也够回想 [SYN0]",['社会与现实'],['社会与现实'],0,1,per-genre
"夜空中最亮的星
能否听清
那仰望的人
心底的孤独和叹息
oh夜空中最亮的星
能否记起
曾与我同行
消失在风里的身影
我祈祷拥有一颗透明的心灵
和会流泪的眼睛
给我再去相信的勇气
oh越过谎言去拥抱你
每当我找不到存在的意义
每当我迷失在黑夜里
oh 夜空中最亮的星
请指引我靠近你
夜空中最亮的星
是否知道
曾与我同行的身影
如今在哪里
oh夜空中最亮的星
是否在意
是等太阳升起
还是意外先来临
我宁愿所有痛苦都留在心里
也不愿忘记你的眼睛
给我再去相信的勇气
oh越过谎言去拥抱你
每当我找不到存在的意义
每当我迷失在黑夜里
oh 夜空中最亮的星
oh请照亮我前行
我祈祷拥有一颗透明的心灵
和会流泪的眼睛
给我再去相信的勇气
oh越过谎言去拥抱你
每当我找不到存在的意义
每当我迷失在黑夜里
oh 夜空中最亮的星
oh请照亮我前行
夜空中最亮的星
能否听清
那仰望的人
心底的孤独和叹息 [SYN0]","南部小城
没有光彩照人
每次我回到这里
我都感觉着平静
阳光炽烈
人们慢悠悠的步子
零落的草帽
我栽的花儿
摇啊摇
摇啊摇
摇啊摇
摇啊摇
我在这里一个人唱这首歌
人们只是微笑
哦微笑
我在这里一个人唱这首歌
你不会知道
哦知道
南部小城
光阴缓流的城
每次我回到这里
你都那么的恬静
赞美夏天
女孩摇曳的裙摆
撩动了昨天
荡着的秋千
摇啊摇
摇啊摇
摇啊摇
摇啊摇
我在这里一个人唱这首歌
人们只是微笑
哦微笑
我在这里一个人唱这首歌
你不会知道
哦知道
我在这里一个人唱这首歌
人们只是微笑
哦微笑
我在这里一个人唱这首歌
你不会知道
哦知道 [SYN0]",['生活与反思'],['风景与旅程'],0,1,cross-genre
"野草一样 肆意生长
追寻 一束阳光
爱与理想 跟着风 不断碰撞
世界浩荡 也曾迷茫
不知 前路方向
你像 长夜星光 慢慢地 将我点亮
平凡的 伟大的 都是生活
你和我 探索着
持着 一盏灯火 对抗夜色 不曾有 退缩
也梦过 也痛过 人生曲折
是小我 是大我
其实 不重要的 只要你能 记得我
世界浩荡 也曾迷茫
不知 前路方向
你像 长夜星光 慢慢地 将我点亮
平凡的 伟大的 都是生活
你和我 探索着
持着 一盏灯火 对抗夜色 不曾有 退缩
也梦过 也痛过 人生曲折
是小我 是大我
其实 不重要的 只要你能 记得我
平凡的 伟大的 都是生活
你和我 探索着
持着 一盏灯火 对抗夜色 不曾有 退缩
也梦过 也痛过 人生曲折
是小我 是大我
其实 不重要的 只要你能 记得我","野草一样 肆意生长
追寻 一束阳光
爱与理想 跟着风 不断碰撞
世界浩荡 也曾迷茫
不知 前路方向
你像 长夜星光 慢慢地 将我点亮
平凡的 伟大的 都是生活
你和我 探索着
持着 一盏灯火 对抗夜色 不曾有 退缩
也梦过 也痛过 人生曲折
是小我 是大我
其实 不重要的 只要你能 记得我
世界浩荡 也曾迷茫
不知 前路方向
你像 长夜星光 慢慢地 将我点亮
平凡的 伟大的 都是生活
你和我 探索着
持着 一盏灯火 对抗夜色 不曾有 退缩
也梦过 也痛过 人生曲折
是小我 是大我
其实 不重要的 只要你能 记得我
平凡的 伟大的 都是生活
你和我 探索着
持着 一盏灯火 对抗夜色 不曾有 退缩
也梦过 也痛过 人生曲折
是小我 是大我
其实 不重要的 只要你能 记得我 [SYN0]",['生活与反思'],['生活与反思'],1,1,per-genre
"徘徊着的 在路上的
你要走吗 Via Via
易碎的 骄傲着
那也曾是我的模样
沸腾着的 不安着的
你要去哪 Via Via
谜一样的 沉默着的
故事你真的在听吗
我曾经跨过山和大海
也穿过人山人海
我曾经拥有着的一切
转眼都飘散如烟
我曾经失落失望失掉所有方向
直到看见平凡才是唯一的答案
当你仍然 还在幻想
你的明天 Via Via
她会好吗 还是更烂
对我而言是另一天
我曾经毁了我的一切
只想永远地离开
我曾经堕入无边黑暗
想挣扎无法自拔
我曾经像你像他像那野草野花
绝望着 也渴望着
也哭也笑平凡着
向前走 就这么走
就算你被给过什么
向前走 就这么走
就算你被夺走什么
向前走 就这么走
就算你会错过什么
向前走 就这么走
就算你会
我曾经跨过山和大海
也穿过人山人海
我曾经拥有着的一切
转眼都飘散如烟
我曾经失落失望失掉所有方向
直到看见平凡才是唯一的答案
我曾经毁了我的一切
只想永远地离开
我曾经堕入无边黑暗
想挣扎无法自拔
我曾经像你像他像那野草野花
绝望着 也渴望着
也哭也笑平凡着
我曾经跨过山和大海
也穿过人山人海
我曾经问遍整个世界
从来没得到答案
我不过像你像他像那野草野花
冥冥中这是我 唯一要走的路啊
时间无言 如此这般
明天已在 Hia Hia
风吹过的 路依然远
你的故事讲到了哪","徘徊着的 在路上的
你要走吗 Via Via
易碎的 骄傲着
那也曾是我的模样
沸腾着的 不安着的
你要去哪 Via Via
谜一样的 沉默着的
故事你真的在听吗
我曾经跨过山和大海
也穿过人山人海
我曾经拥有着的一切
转眼都飘散如烟
我曾经失落失望失掉所有方向
直到看见平凡才是唯一的答案
当你仍然 还在幻想
你的明天 Via Via
她会好吗 还是更烂
对我而言是另一天
我曾经毁了我的一切
只想永远地离开
我曾经堕入无边黑暗
想挣扎无法自拔
我曾经像你像他像那野草野花
绝望着 也渴望着
也哭也笑平凡着
向前走 就这么走
就算你被给过什么
向前走 就这么走
就算你被夺走什么
向前走 就这么走
就算你会错过什么
向前走 就这么走
就算你会
我曾经跨过山和大海
也穿过人山人海
我曾经拥有着的一切
转眼都飘散如烟
我曾经失落失望失掉所有方向
直到看见平凡才是唯一的答案
我曾经毁了我的一切
只想永远地离开
我曾经堕入无边黑暗
想挣扎无法自拔
我曾经像你像他像那野草野花
绝望着 也渴望着
也哭也笑平凡着
我曾经跨过山和大海
也穿过人山人海
我曾经问遍整个世界
从来没得到答案
我不过像你像他像那野草野花
冥冥中这是我 唯一要走的路啊
时间无言 如此这般
明天已在 Hia Hia
风吹过的 路依然远
你的故事讲到了哪 [SYN0]",['生活与反思'],['生活与反思'],1,1,per-genre
"总是向往 趋近理想
越是渴望 越笨拙模样
你的凌乱 我的慌张
它都看着的吧
却不声张
有人停 有人一如既往流浪
生活是房
日子是窗
远方在眼光里也可以深长
吹开吧 吹开你我脸上忧伤
心更空旷
才能有光
想要的故事就发生在身旁
每扇窗
喔
人啊
喔
善忘
总是向往 趋近理想
越是渴望 越笨拙模样
你的凌乱 我的慌张
它都看着的吧
却不声张
有人停 有人一如既往流浪
生活是房
日子是窗
远方在眼光里也可以深长
吹开吧 吹开你我脸上忧伤
心更空旷
才能有光
想要的故事就发生在身旁
每扇窗
喔
人啊
喔
善忘
喔
人啊
喔
善忘 [SYN0]","总是向往 趋近理想
越是渴望 越笨拙模样
你的凌乱 我的慌张
它都看着的吧
却不声张
有人停 有人一如既往流浪
生活是房
日子是窗
远方在眼光里也可以深长
吹开吧 吹开你我脸上忧伤
心更空旷
才能有光
想要的故事就发生在身旁
每扇窗
喔
人啊
喔
善忘
总是向往 趋近理想
越是渴望 越笨拙模样
你的凌乱 我的慌张
它都看着的吧
却不声张
有人停 有人一如既往流浪
生活是房
日子是窗
远方在眼光里也可以深长
吹开吧 吹开你我脸上忧伤
心更空旷
才能有光
想要的故事就发生在身旁
每扇窗
喔
人啊
喔
善忘
喔
人啊
喔
善忘 [SYN1]",['生活与反思'],['生活与反思'],1,1,per-genre
"风云多诡意 危崖开满花
凡心铜镜之下 几度轮回真假
迷途断肠无人能答
路荒芜竟落晚霞
往日笑声 竟回荡于 檐下
我不肯魂魄已灭 羽化成沙
浮沉悲欢都笑纳
我撕去 满身光华
揭开命运 开出天地的造化
绽放出无暇
当执梦少年 并肩天涯 开出云霞
我隐尘心 迎无畏 心头几道疤
任他万般魔障 齐发 我痛快饮下
纵使我心 如霜 对你藏牵挂
也曾凭栏自话
我不肯魂魄已灭 羽化成沙
浮沉悲欢都笑纳
撕去 满身光华
揭开命运 开出天地的造化
绽放出无暇
当执梦少年 并肩天涯 开出云霞
我隐尘心 迎无畏 心头几道疤
任他万般魔障 齐发 我痛快饮下
纵使我心 如霜 对你藏牵挂
也曾凭栏自话
我隐尘心 迎无畏
我心头几道疤
任他万般魔障 齐发 我痛快饮下
纵使我心 如霜 对你藏牵挂
也曾凭栏自话
我驭风尘 为苍生 等待破茧而发
任他尘世如影 幻化
我又何曾惧怕
纵使结局 崩塌 我挽你怀下
任荆棘刺身甲
泪渗透你脸颊","风云多诡意 危崖开满花
凡心铜镜之下 几度轮回真假
迷途断肠无人能答
路荒芜竟落晚霞
往日笑声 竟回荡于 檐下
我不肯魂魄已灭 羽化成沙
浮沉悲欢都笑纳
我撕去 满身光华
揭开命运 开出天地的造化
绽放出无暇
当执梦少年 并肩天涯 开出云霞
我隐尘心 迎无畏 心头几道疤
任他万般魔障 齐发 我痛快饮下
纵使我心 如霜 对你藏牵挂
也曾凭栏自话
我不肯魂魄已灭 羽化成沙
浮沉悲欢都笑纳
撕去 满身光华
揭开命运 开出天地的造化
绽放出无暇
当执梦少年 并肩天涯 开出云霞
我隐尘心 迎无畏 心头几道疤
任他万般魔障 齐发 我痛快饮下
纵使我心 如霜 对你藏牵挂
也曾凭栏自话
我隐尘心 迎无畏
我心头几道疤
任他万般魔障 齐发 我痛快饮下
纵使我心 如霜 对你藏牵挂
也曾凭栏自话
我驭风尘 为苍生 等待破茧而发
任他尘世如影 幻化
我又何曾惧怕
纵使结局 崩塌 我挽你怀下
任荆棘刺身甲
泪渗透你脸颊 [SYN1]",['爱与浪漫'],['爱与浪漫'],1,1,per-genre
"野草一样 肆意生长
追寻 一束阳光
爱与理想 跟着风 不断碰撞
世界浩荡 也曾迷茫
不知 前路方向
你像 长夜星光 慢慢地 将我点亮
平凡的 伟大的 都是生活
你和我 探索着
持着 一盏灯火 对抗夜色 不曾有 退缩
也梦过 也痛过 人生曲折
是小我 是大我
其实 不重要的 只要你能 记得我
世界浩荡 也曾迷茫
不知 前路方向
你像 长夜星光 慢慢地 将我点亮
平凡的 伟大的 都是生活
你和我 探索着
持着 一盏灯火 对抗夜色 不曾有 退缩
也梦过 也痛过 人生曲折
是小我 是大我
其实 不重要的 只要你能 记得我
平凡的 伟大的 都是生活
你和我 探索着
持着 一盏灯火 对抗夜色 不曾有 退缩
也梦过 也痛过 人生曲折
是小我 是大我
其实 不重要的 只要你能 记得我 [SYN0]","野草一样 肆意生长
追寻 一束阳光
爱与理想 跟着风 不断碰撞
世界浩荡 也曾迷茫
不知 前路方向
你像 长夜星光 慢慢地 将我点亮
平凡的 伟大的 都是生活
你和我 探索着
持着 一盏灯火 对抗夜色 不曾有 退缩
也梦过 也痛过 人生曲折
是小我 是大我
其实 不重要的 只要你能 记得我
世界浩荡 也曾迷茫
不知 前路方向
你像 长夜星光 慢慢地 将我点亮
平凡的 伟大的 都是生活
你和我 探索着
持着 一盏灯火 对抗夜色 不曾有 退缩
也梦过 也痛过 人生曲折
是小我 是大我
其实 不重要的 只要你能 记得我
平凡的 伟大的 都是生活
你和我 探索着
持着 一盏灯火 对抗夜色 不曾有 退缩
也梦过 也痛过 人生曲折
是小我 是大我
其实 不重要的 只要你能 记得我 [SYN1]",['生活与反思'],['生活与反思'],1,1,per-genre
"花开花又落
何处话凄凉
昨日曾为某人开放
谁的脚步声
已随风消散
留在琴声里回荡
站在凭栏处
独守着斜阳
心事怎耐得西风凉
熙攘的岁月
闻得桂花香
何必慨叹情似梦一场
悠悠的时光
念念又不忘
明明似美酒
却饮得断肠
幽幽的时光
如何回头望
真心值银钱
几两
站在凭栏处
独守着斜阳
心事怎耐得西风凉
熙攘的岁月
闻得桂花香
何必慨叹情似梦一场
悠悠的时光
念念又不忘
明明似美酒
却饮得断肠
幽幽的时光
如何回头望
真心值银钱
几两
悠悠的时光
念念又不忘
明明似美酒
却饮得断肠
幽幽的时光
如何回头望
真心值银钱
几两","徘徊着的 在路上的
你要走吗 Via Via
易碎的 骄傲着
那也曾是我的模样
沸腾着的 不安着的
你要去哪 Via Via
谜一样的 沉默着的
故事你真的在听吗
我曾经跨过山和大海
也穿过人山人海
我曾经拥有着的一切
转眼都飘散如烟
我曾经失落失望失掉所有方向
直到看见平凡才是唯一的答案
当你仍然 还在幻想
你的明天 Via Via
她会好吗 还是更烂
对我而言是另一天
我曾经毁了我的一切
只想永远地离开
我曾经堕入无边黑暗
想挣扎无法自拔
我曾经像你像他像那野草野花
绝望着 也渴望着
也哭也笑平凡着
向前走 就这么走
就算你被给过什么
向前走 就这么走
就算你被夺走什么
向前走 就这么走
就算你会错过什么
向前走 就这么走
就算你会
我曾经跨过山和大海
也穿过人山人海
我曾经拥有着的一切
转眼都飘散如烟
我曾经失落失望失掉所有方向
直到看见平凡才是唯一的答案
我曾经毁了我的一切
只想永远地离开
我曾经堕入无边黑暗
想挣扎无法自拔
我曾经像你像他像那野草野花
绝望着 也渴望着
也哭也笑平凡着
我曾经跨过山和大海
也穿过人山人海
我曾经问遍整个世界
从来没得到答案
我不过像你像他像那野草野花
冥冥中这是我 唯一要走的路啊
时间无言 如此这般
明天已在 Hia Hia
风吹过的 路依然远
你的故事讲到了哪 [SYN1]",['生活与反思'],['生活与反思'],0,0,per-genre
"传说中的一个湖
胜过人间无数
人间无数
秀水绕青山
青山映绿湖
山连山哟水涟水
山水之间渔家住
渔家住
湖底的城堡
千年的迷雾
千座翠岛倾碧水
千岛碧水似珍珠
夕阳冉江红
轻舟似画图
悠悠历史成千古
西子三千入水库
魅力家乡千岛湖
胜过人间无数
人间无数
森林大氧吧
溪群汇瀑布
山连山哟水涟水
山水之间渔家住
渔家住
湖底的城堡
千年的迷雾
千座翠岛倾碧水
千岛碧水似珍珠
夕阳冉江红
轻舟似画图
千岛风光美无限
流连忘返看不够
流连忘返看
看不够","传说中的一个湖
胜过人间无数
人间无数
秀水绕青山
青山映绿湖
山连山哟水涟水
山水之间渔家住
渔家住
湖底的城堡
千年的迷雾
千座翠岛倾碧水
千岛碧水似珍珠
夕阳冉江红
轻舟似画图
悠悠历史成千古
西子三千入水库
魅力家乡千岛湖
胜过人间无数
人间无数
森林大氧吧
溪群汇瀑布
山连山哟水涟水
山水之间渔家住
渔家住
湖底的城堡
千年的迷雾
千座翠岛倾碧水
千岛碧水似珍珠
夕阳冉江红
轻舟似画图
千岛风光美无限
流连忘返看不够
流连忘返看
看不够 [SYN1]",['风景与旅程'],['风景与旅程'],1,1,per-genre
"南部小城
没有光彩照人
每次我回到这里
我都感觉着平静
阳光炽烈
人们慢悠悠的步子
零落的草帽
我栽的花儿
摇啊摇
摇啊摇
摇啊摇
摇啊摇
我在这里一个人唱这首歌
人们只是微笑
哦微笑
我在这里一个人唱这首歌
你不会知道
哦知道
南部小城
光阴缓流的城
每次我回到这里
你都那么的恬静
赞美夏天
女孩摇曳的裙摆
撩动了昨天
荡着的秋千
摇啊摇
摇啊摇
摇啊摇
摇啊摇
我在这里一个人唱这首歌
人们只是微笑
哦微笑
我在这里一个人唱这首歌
你不会知道
哦知道
我在这里一个人唱这首歌
人们只是微笑
哦微笑
我在这里一个人唱这首歌
你不会知道
哦知道","南部小城
没有光彩照人
每次我回到这里
我都感觉着平静
阳光炽烈
人们慢悠悠的步子
零落的草帽
我栽的花儿
摇啊摇
摇啊摇
摇啊摇
摇啊摇
我在这里一个人唱这首歌
人们只是微笑
哦微笑
我在这里一个人唱这首歌
你不会知道
哦知道
南部小城
光阴缓流的城
每次我回到这里
你都那么的恬静
赞美夏天
女孩摇曳的裙摆
撩动了昨天
荡着的秋千
摇啊摇
摇啊摇
摇啊摇
摇啊摇
我在这里一个人唱这首歌
人们只是微笑
哦微笑
我在这里一个人唱这首歌
你不会知道
哦知道
我在这里一个人唱这首歌
人们只是微笑
哦微笑
我在这里一个人唱这首歌
你不会知道
哦知道 [SYN0]",['风景与旅程'],['风景与旅程'],1,1,per-genre
